date,country_code,lob,forecast
27-06-2020,MX,AIR,49.34467208
28-06-2020,MX,AIR,54.17341042
29-06-2020,MX,AIR,58.40795791
30-06-2020,MX,AIR,66.2456727
01-07-2020,MX,AIR,70.36738145
02-07-2020,MX,AIR,73.5215162
03-07-2020,MX,AIR,80.44674492
04-07-2020,MX,AIR,88.4862076
05-07-2020,MX,AIR,94.20004308
06-07-2020,MX,AIR,98.31734407
07-07-2020,MX,AIR,103.2130682
08-07-2020,MX,AIR,109.5663517
09-07-2020,MX,AIR,111.8983443
10-07-2020,MX,AIR,116.8673711
11-07-2020,MX,AIR,129.0143404
12-07-2020,MX,AIR,136.295686
13-07-2020,MX,AIR,140.0139172
14-07-2020,MX,AIR,144.6428592
15-07-2020,MX,AIR,145.8547692
16-07-2020,MX,AIR,146.9301662
17-07-2020,MX,AIR,152.8751266
18-07-2020,MX,AIR,159.3802803
19-07-2020,MX,AIR,164.2740285
20-07-2020,MX,AIR,167.5338767
21-07-2020,MX,AIR,170.0552754
22-07-2020,MX,AIR,172.1525197
23-07-2020,MX,AIR,174.1262007
24-07-2020,MX,AIR,177.7824922
25-07-2020,MX,AIR,183.3344381
26-07-2020,MX,AIR,187.5892613
27-07-2020,MX,AIR,189.6539793
28-07-2020,MX,AIR,191.0570343
29-07-2020,MX,AIR,191.1417484
30-07-2020,MX,AIR,191.2581499
31-07-2020,MX,AIR,193.9765058
01-08-2020,MX,AIR,197.7184842
02-08-2020,MX,AIR,200.4580216
03-08-2020,MX,AIR,201.9233689
04-08-2020,MX,AIR,202.1045554
05-08-2020,MX,AIR,201.6251245
06-08-2020,MX,AIR,201.7590597
07-08-2020,MX,AIR,203.2491269
08-08-2020,MX,AIR,205.6021552
09-08-2020,MX,AIR,207.3393126
10-08-2020,MX,AIR,207.746067
11-08-2020,MX,AIR,207.1613727
12-08-2020,MX,AIR,206.0321827
13-08-2020,MX,AIR,205.3281808
14-08-2020,MX,AIR,206.0540695
15-08-2020,MX,AIR,207.5992551
16-08-2020,MX,AIR,208.6688886
17-08-2020,MX,AIR,208.7548795
18-08-2020,MX,AIR,207.8273644
19-08-2020,MX,AIR,206.4377942
20-08-2020,MX,AIR,205.6496496
21-08-2020,MX,AIR,205.9704132
22-08-2020,MX,AIR,206.9373245
23-08-2020,MX,AIR,207.6234279
24-08-2020,MX,AIR,207.4110527
25-08-2020,MX,AIR,206.3599987
26-08-2020,MX,AIR,205.0327573
27-08-2020,MX,AIR,204.2156734
28-08-2020,MX,AIR,204.3917165
29-08-2020,MX,AIR,205.1868405
30-08-2020,MX,AIR,205.7645311
31-08-2020,MX,AIR,205.6048059
01-09-2020,MX,AIR,204.6993845
02-09-2020,MX,AIR,203.5341542
03-09-2020,MX,AIR,202.8619246
04-09-2020,MX,AIR,203.0474641
05-09-2020,MX,AIR,203.7572052
06-09-2020,MX,AIR,204.3191373
07-09-2020,MX,AIR,204.2330248
08-09-2020,MX,AIR,203.4921923
09-09-2020,MX,AIR,202.5697112
10-09-2020,MX,AIR,202.0810027
11-09-2020,MX,AIR,202.3260014
12-09-2020,MX,AIR,203.0359735
13-09-2020,MX,AIR,203.6142478
14-09-2020,MX,AIR,203.6246562
15-09-2020,MX,AIR,203.0613379
16-09-2020,MX,AIR,202.328105
17-09-2020,MX,AIR,201.9703891
18-09-2020,MX,AIR,202.2444243
19-09-2020,MX,AIR,202.9133465
20-09-2020,MX,AIR,203.4716673
21-09-2020,MX,AIR,203.5303848
22-09-2020,MX,AIR,203.0787137
23-09-2020,MX,AIR,202.4833677
24-09-2020,MX,AIR,202.2125547
27-06-2020,MX,CAR,26.22902398
28-06-2020,MX,CAR,25.39952178
29-06-2020,MX,CAR,26.83815624
30-06-2020,MX,CAR,32.90028228
01-07-2020,MX,CAR,34.59154725
02-07-2020,MX,CAR,35.44164099
03-07-2020,MX,CAR,37.50014526
04-07-2020,MX,CAR,38.88349853
05-07-2020,MX,CAR,40.19055378
06-07-2020,MX,CAR,41.31949145
07-07-2020,MX,CAR,44.24598238
08-07-2020,MX,CAR,47.65659469
09-07-2020,MX,CAR,46.75518534
10-07-2020,MX,CAR,48.60107706
11-07-2020,MX,CAR,52.0389421
12-07-2020,MX,CAR,52.2085565
13-07-2020,MX,CAR,52.97370526
14-07-2020,MX,CAR,56.31200308
15-07-2020,MX,CAR,57.03232068
16-07-2020,MX,CAR,57.31025708
17-07-2020,MX,CAR,58.57090273
18-07-2020,MX,CAR,59.63422301
19-07-2020,MX,CAR,60.01707894
20-07-2020,MX,CAR,60.78085592
21-07-2020,MX,CAR,62.27077904
22-07-2020,MX,CAR,63.31436139
23-07-2020,MX,CAR,63.07822508
24-07-2020,MX,CAR,63.39402595
25-07-2020,MX,CAR,64.24614739
26-07-2020,MX,CAR,64.00829786
27-07-2020,MX,CAR,64.01471943
28-07-2020,MX,CAR,64.98021865
29-07-2020,MX,CAR,64.96007937
30-07-2020,MX,CAR,64.32901675
31-07-2020,MX,CAR,64.21829265
01-08-2020,MX,CAR,63.95433155
02-08-2020,MX,CAR,63.27327415
03-08-2020,MX,CAR,62.92272973
04-08-2020,MX,CAR,62.85232013
05-08-2020,MX,CAR,62.39690411
06-08-2020,MX,CAR,61.46067333
07-08-2020,MX,CAR,60.69384131
08-08-2020,MX,CAR,60.03935674
09-08-2020,MX,CAR,59.08116564
10-08-2020,MX,CAR,58.31758034
11-08-2020,MX,CAR,57.92229462
12-08-2020,MX,CAR,57.16268685
13-08-2020,MX,CAR,56.10147515
14-08-2020,MX,CAR,55.26220882
15-08-2020,MX,CAR,54.41871935
16-08-2020,MX,CAR,53.46457168
17-08-2020,MX,CAR,52.7694791
18-08-2020,MX,CAR,52.26171413
19-08-2020,MX,CAR,51.57449275
20-08-2020,MX,CAR,50.73559782
21-08-2020,MX,CAR,49.99530567
22-08-2020,MX,CAR,49.31747104
23-08-2020,MX,CAR,48.62727849
24-08-2020,MX,CAR,48.11691076
25-08-2020,MX,CAR,47.78939891
26-08-2020,MX,CAR,47.34482227
27-08-2020,MX,CAR,46.79130664
28-08-2020,MX,CAR,46.33359036
29-08-2020,MX,CAR,45.91664982
30-08-2020,MX,CAR,45.51819824
31-08-2020,MX,CAR,45.28990018
01-09-2020,MX,CAR,45.17607313
02-09-2020,MX,CAR,44.98767026
03-09-2020,MX,CAR,44.73896636
04-09-2020,MX,CAR,44.53367992
05-09-2020,MX,CAR,44.36435904
06-09-2020,MX,CAR,44.23550241
07-09-2020,MX,CAR,44.22504939
08-09-2020,MX,CAR,44.299146
09-09-2020,MX,CAR,44.32267876
10-09-2020,MX,CAR,44.29091237
11-09-2020,MX,CAR,44.28402057
12-09-2020,MX,CAR,44.30093409
13-09-2020,MX,CAR,44.35145301
14-09-2020,MX,CAR,44.49499178
15-09-2020,MX,CAR,44.69202363
16-09-2020,MX,CAR,44.84607233
17-09-2020,MX,CAR,44.95642203
18-09-2020,MX,CAR,45.06967402
19-09-2020,MX,CAR,45.19469687
20-09-2020,MX,CAR,45.35061453
21-09-2020,MX,CAR,45.57043636
22-09-2020,MX,CAR,45.82277635
23-09-2020,MX,CAR,46.03923763
24-09-2020,MX,CAR,46.21234436
27-06-2020,MX,LODG,256.6597474
28-06-2020,MX,LODG,280.738149
29-06-2020,MX,LODG,301.0816969
30-06-2020,MX,LODG,341.2287634
01-07-2020,MX,LODG,372.3528039
02-07-2020,MX,LODG,387.1364163
03-07-2020,MX,LODG,420.5609472
04-07-2020,MX,LODG,488.7446641
05-07-2020,MX,LODG,509.3116298
06-07-2020,MX,LODG,528.5324654
07-07-2020,MX,LODG,565.5324128
08-07-2020,MX,LODG,588.9969527
09-07-2020,MX,LODG,609.5342482
10-07-2020,MX,LODG,649.955501
11-07-2020,MX,LODG,724.4309873
12-07-2020,MX,LODG,767.1349238
13-07-2020,MX,LODG,785.5430525
14-07-2020,MX,LODG,807.5917442
15-07-2020,MX,LODG,824.9084309
16-07-2020,MX,LODG,834.1930482
17-07-2020,MX,LODG,867.1975335
18-07-2020,MX,LODG,909.3667667
19-07-2020,MX,LODG,933.9445554
20-07-2020,MX,LODG,946.7142529
21-07-2020,MX,LODG,959.7191175
22-07-2020,MX,LODG,969.2200665
23-07-2020,MX,LODG,977.8665693
24-07-2020,MX,LODG,1000.435838
25-07-2020,MX,LODG,1030.64776
26-07-2020,MX,LODG,1049.210777
27-07-2020,MX,LODG,1055.023938
28-07-2020,MX,LODG,1057.337023
29-07-2020,MX,LODG,1057.251899
30-07-2020,MX,LODG,1058.565981
31-07-2020,MX,LODG,1071.479504
01-08-2020,MX,LODG,1089.47417
02-08-2020,MX,LODG,1099.576112
03-08-2020,MX,LODG,1100.934265
04-08-2020,MX,LODG,1098.81383
05-08-2020,MX,LODG,1095.325093
06-08-2020,MX,LODG,1094.848724
07-08-2020,MX,LODG,1102.690429
08-08-2020,MX,LODG,1114.243604
09-08-2020,MX,LODG,1120.243837
10-08-2020,MX,LODG,1118.752922
11-08-2020,MX,LODG,1113.470899
12-08-2020,MX,LODG,1107.458047
13-08-2020,MX,LODG,1104.927076
14-08-2020,MX,LODG,1109.455504
15-08-2020,MX,LODG,1117.13976
16-08-2020,MX,LODG,1120.806519
17-08-2020,MX,LODG,1118.501754
18-08-2020,MX,LODG,1112.715018
19-08-2020,MX,LODG,1106.570868
20-08-2020,MX,LODG,1103.937948
21-08-2020,MX,LODG,1107.011852
22-08-2020,MX,LODG,1112.548975
23-08-2020,MX,LODG,1115.000399
24-08-2020,MX,LODG,1112.390703
25-08-2020,MX,LODG,1106.56593
26-08-2020,MX,LODG,1100.651644
27-08-2020,MX,LODG,1098.090683
28-08-2020,MX,LODG,1100.413826
29-08-2020,MX,LODG,1104.850638
30-08-2020,MX,LODG,1106.857238
31-08-2020,MX,LODG,1104.566096
01-09-2020,MX,LODG,1099.371575
02-09-2020,MX,LODG,1094.18126
03-09-2020,MX,LODG,1092.046652
04-09-2020,MX,LODG,1094.040909
05-09-2020,MX,LODG,1097.780266
06-09-2020,MX,LODG,1099.520795
07-09-2020,MX,LODG,1097.556437
08-09-2020,MX,LODG,1093.001767
09-09-2020,MX,LODG,1088.528473
10-09-2020,MX,LODG,1086.816929
11-09-2020,MX,LODG,1088.658949
12-09-2020,MX,LODG,1091.989232
13-09-2020,MX,LODG,1093.641527
14-09-2020,MX,LODG,1092.074997
15-09-2020,MX,LODG,1088.201324
16-09-2020,MX,LODG,1084.423931
17-09-2020,MX,LODG,1083.096133
18-09-2020,MX,LODG,1084.822947
19-09-2020,MX,LODG,1087.809989
20-09-2020,MX,LODG,1089.362347
21-09-2020,MX,LODG,1088.110622
22-09-2020,MX,LODG,1084.822215
23-09-2020,MX,LODG,1081.643529
24-09-2020,MX,LODG,1080.632914
27-06-2020,KR,LODG,93.32148099
28-06-2020,KR,LODG,101.1535703
29-06-2020,KR,LODG,131.5645555
30-06-2020,KR,LODG,143.7965734
01-07-2020,KR,LODG,151.3416664
02-07-2020,KR,LODG,150.0374643
03-07-2020,KR,LODG,144.7849546
04-07-2020,KR,LODG,140.3034535
05-07-2020,KR,LODG,152.1163528
06-07-2020,KR,LODG,176.546723
07-07-2020,KR,LODG,186.9104338
08-07-2020,KR,LODG,187.470878
09-07-2020,KR,LODG,188.5156937
10-07-2020,KR,LODG,183.5235455
11-07-2020,KR,LODG,180.8120916
12-07-2020,KR,LODG,195.6334655
13-07-2020,KR,LODG,214.4682716
14-07-2020,KR,LODG,226.0735147
15-07-2020,KR,LODG,231.4763737
16-07-2020,KR,LODG,234.1188198
17-07-2020,KR,LODG,236.3857776
18-07-2020,KR,LODG,237.1737729
19-07-2020,KR,LODG,251.5398052
20-07-2020,KR,LODG,272.0237153
21-07-2020,KR,LODG,285.5456769
22-07-2020,KR,LODG,291.334083
23-07-2020,KR,LODG,294.7315773
24-07-2020,KR,LODG,294.8382536
25-07-2020,KR,LODG,296.2734233
26-07-2020,KR,LODG,309.516788
27-07-2020,KR,LODG,328.2028699
28-07-2020,KR,LODG,340.4031808
29-07-2020,KR,LODG,346.470526
30-07-2020,KR,LODG,349.3006992
31-07-2020,KR,LODG,349.1928939
01-08-2020,KR,LODG,351.1777649
02-08-2020,KR,LODG,362.5922359
03-08-2020,KR,LODG,379.1604606
04-08-2020,KR,LODG,390.4709239
05-08-2020,KR,LODG,395.2458363
06-08-2020,KR,LODG,396.8585033
07-08-2020,KR,LODG,395.3706113
08-08-2020,KR,LODG,395.8925658
09-08-2020,KR,LODG,404.9494145
10-08-2020,KR,LODG,418.55838
11-08-2020,KR,LODG,427.4764262
12-08-2020,KR,LODG,430.4545026
13-08-2020,KR,LODG,429.828814
14-08-2020,KR,LODG,426.3380891
15-08-2020,KR,LODG,424.9133886
16-08-2020,KR,LODG,431.0353378
17-08-2020,KR,LODG,441.1223419
18-08-2020,KR,LODG,447.3599997
19-08-2020,KR,LODG,447.9446667
20-08-2020,KR,LODG,444.7828662
21-08-2020,KR,LODG,439.0808482
22-08-2020,KR,LODG,435.3163846
23-08-2020,KR,LODG,438.3531363
24-08-2020,KR,LODG,445.1043322
25-08-2020,KR,LODG,448.5649838
26-08-2020,KR,LODG,446.8883041
27-08-2020,KR,LODG,441.4675175
28-08-2020,KR,LODG,433.7374173
29-08-2020,KR,LODG,427.9519536
30-08-2020,KR,LODG,428.3486542
31-08-2020,KR,LODG,432.2213337
01-09-2020,KR,LODG,433.464226
02-09-2020,KR,LODG,430.0639946
03-09-2020,KR,LODG,423.0283171
04-09-2020,KR,LODG,413.9523776
05-09-2020,KR,LODG,406.8127607
06-09-2020,KR,LODG,405.313681
07-09-2020,KR,LODG,407.1824329
08-09-2020,KR,LODG,406.9966902
09-09-2020,KR,LODG,402.6668214
10-09-2020,KR,LODG,394.9048004
11-09-2020,KR,LODG,385.3222338
12-09-2020,KR,LODG,377.6487563
13-09-2020,KR,LODG,375.1717645
14-09-2020,KR,LODG,375.9409084
15-09-2020,KR,LODG,375.1791203
16-09-2020,KR,LODG,370.7542418
17-09-2020,KR,LODG,363.1068004
18-09-2020,KR,LODG,353.8346148
19-09-2020,KR,LODG,346.4150666
20-09-2020,KR,LODG,343.7675227
21-09-2020,KR,LODG,344.2479084
22-09-2020,KR,LODG,343.629644
23-09-2020,KR,LODG,339.7741394
24-09-2020,KR,LODG,332.9088087
27-06-2020,FR,LODG,182.904761
28-06-2020,FR,LODG,198.3441811
29-06-2020,FR,LODG,207.2182723
30-06-2020,FR,LODG,216.928003
01-07-2020,FR,LODG,220.4180049
02-07-2020,FR,LODG,221.1377059
03-07-2020,FR,LODG,229.8593216
04-07-2020,FR,LODG,244.5502766
05-07-2020,FR,LODG,256.8778701
06-07-2020,FR,LODG,264.980027
07-07-2020,FR,LODG,269.4543137
08-07-2020,FR,LODG,275.1536994
09-07-2020,FR,LODG,277.8051515
10-07-2020,FR,LODG,286.2098186
11-07-2020,FR,LODG,305.4042937
12-07-2020,FR,LODG,317.1028717
13-07-2020,FR,LODG,324.3459572
14-07-2020,FR,LODG,325.7463251
15-07-2020,FR,LODG,324.748184
16-07-2020,FR,LODG,324.648674
17-07-2020,FR,LODG,332.932934
18-07-2020,FR,LODG,340.827791
19-07-2020,FR,LODG,347.6731746
20-07-2020,FR,LODG,352.4806319
21-07-2020,FR,LODG,354.8764186
22-07-2020,FR,LODG,355.7427936
23-07-2020,FR,LODG,357.6319431
24-07-2020,FR,LODG,361.7765515
25-07-2020,FR,LODG,367.5221436
26-07-2020,FR,LODG,372.3401527
27-07-2020,FR,LODG,375.3763329
28-07-2020,FR,LODG,376.2223552
29-07-2020,FR,LODG,376.4058666
30-07-2020,FR,LODG,377.2768979
31-07-2020,FR,LODG,380.4688393
01-08-2020,FR,LODG,384.3089097
02-08-2020,FR,LODG,387.7323149
03-08-2020,FR,LODG,389.891343
04-08-2020,FR,LODG,390.7682322
05-08-2020,FR,LODG,391.0785906
06-08-2020,FR,LODG,392.148041
07-08-2020,FR,LODG,394.1271626
08-08-2020,FR,LODG,396.6758941
09-08-2020,FR,LODG,398.9953773
10-08-2020,FR,LODG,400.5331253
11-08-2020,FR,LODG,401.1646943
12-08-2020,FR,LODG,401.5583407
13-08-2020,FR,LODG,402.3318146
14-08-2020,FR,LODG,403.8522141
15-08-2020,FR,LODG,405.7298355
16-08-2020,FR,LODG,407.4553006
17-08-2020,FR,LODG,408.582279
18-08-2020,FR,LODG,409.1534661
19-08-2020,FR,LODG,409.5256333
20-08-2020,FR,LODG,410.2051549
21-08-2020,FR,LODG,411.3148599
22-08-2020,FR,LODG,412.672814
23-08-2020,FR,LODG,413.9204811
24-08-2020,FR,LODG,414.7958683
25-08-2020,FR,LODG,415.2909021
26-08-2020,FR,LODG,415.6848865
27-08-2020,FR,LODG,416.2506663
28-08-2020,FR,LODG,417.1107702
29-08-2020,FR,LODG,418.1304281
30-08-2020,FR,LODG,419.0755849
31-08-2020,FR,LODG,419.754806
01-09-2020,FR,LODG,420.1897584
02-09-2020,FR,LODG,420.5468677
03-09-2020,FR,LODG,421.0276698
04-09-2020,FR,LODG,421.6971277
05-09-2020,FR,LODG,422.4731551
06-09-2020,FR,LODG,423.1901525
07-09-2020,FR,LODG,423.7342654
08-09-2020,FR,LODG,424.1111641
09-09-2020,FR,LODG,424.4402604
10-09-2020,FR,LODG,424.8453598
11-09-2020,FR,LODG,425.3746026
12-09-2020,FR,LODG,425.9702353
13-09-2020,FR,LODG,426.5253131
14-09-2020,FR,LODG,426.960641
15-09-2020,FR,LODG,427.285419
16-09-2020,FR,LODG,427.5754999
17-09-2020,FR,LODG,427.9164623
18-09-2020,FR,LODG,428.3378588
19-09-2020,FR,LODG,428.8019507
20-09-2020,FR,LODG,429.2352508
21-09-2020,FR,LODG,429.5877414
22-09-2020,FR,LODG,429.8644542
23-09-2020,FR,LODG,430.1178478
24-09-2020,FR,LODG,430.4032348
27-06-2020,FR,CAR,16.74478701
28-06-2020,FR,CAR,15.59694713
29-06-2020,FR,CAR,18.51509428
30-06-2020,FR,CAR,20.82617207
01-07-2020,FR,CAR,20.60089102
02-07-2020,FR,CAR,19.49271722
03-07-2020,FR,CAR,20.12163161
04-07-2020,FR,CAR,20.95395541
05-07-2020,FR,CAR,20.82918024
06-07-2020,FR,CAR,22.76028222
07-07-2020,FR,CAR,23.5954622
08-07-2020,FR,CAR,24.14281777
09-07-2020,FR,CAR,22.58050373
10-07-2020,FR,CAR,23.37816453
11-07-2020,FR,CAR,24.37969452
12-07-2020,FR,CAR,25.19962466
13-07-2020,FR,CAR,26.30713856
14-07-2020,FR,CAR,26.32691017
15-07-2020,FR,CAR,27.03405729
16-07-2020,FR,CAR,26.02836019
17-07-2020,FR,CAR,26.68621635
18-07-2020,FR,CAR,27.05231658
19-07-2020,FR,CAR,27.6339919
20-07-2020,FR,CAR,28.13406786
21-07-2020,FR,CAR,28.69194379
22-07-2020,FR,CAR,28.75926352
23-07-2020,FR,CAR,28.55737022
24-07-2020,FR,CAR,28.72130355
25-07-2020,FR,CAR,29.05056602
26-07-2020,FR,CAR,29.63493919
27-07-2020,FR,CAR,29.91057894
28-07-2020,FR,CAR,30.3578276
29-07-2020,FR,CAR,30.37247708
30-07-2020,FR,CAR,30.38401073
31-07-2020,FR,CAR,30.53050807
01-08-2020,FR,CAR,30.79944244
02-08-2020,FR,CAR,31.21805838
03-08-2020,FR,CAR,31.45443356
04-08-2020,FR,CAR,31.80092937
05-08-2020,FR,CAR,31.88264778
06-08-2020,FR,CAR,31.96593931
07-08-2020,FR,CAR,32.06480747
08-08-2020,FR,CAR,32.32068828
09-08-2020,FR,CAR,32.58351511
10-08-2020,FR,CAR,32.84283093
11-08-2020,FR,CAR,33.0489268
12-08-2020,FR,CAR,33.15956673
13-08-2020,FR,CAR,33.24878341
14-08-2020,FR,CAR,33.34179482
15-08-2020,FR,CAR,33.54471153
16-08-2020,FR,CAR,33.73017704
17-08-2020,FR,CAR,33.93158144
18-08-2020,FR,CAR,34.08070317
19-08-2020,FR,CAR,34.18518743
20-08-2020,FR,CAR,34.26316684
21-08-2020,FR,CAR,34.34708914
22-08-2020,FR,CAR,34.48865941
23-08-2020,FR,CAR,34.62887695
24-08-2020,FR,CAR,34.77553135
25-08-2020,FR,CAR,34.88411939
26-08-2020,FR,CAR,34.97033677
27-08-2020,FR,CAR,35.02968705
28-08-2020,FR,CAR,35.10507247
29-08-2020,FR,CAR,35.20031816
30-08-2020,FR,CAR,35.30734321
31-08-2020,FR,CAR,35.40936014
01-09-2020,FR,CAR,35.49074164
02-09-2020,FR,CAR,35.55731407
03-09-2020,FR,CAR,35.60573107
04-09-2020,FR,CAR,35.66497496
05-09-2020,FR,CAR,35.73327249
06-09-2020,FR,CAR,35.81153563
07-09-2020,FR,CAR,35.88450438
08-09-2020,FR,CAR,35.94602054
09-09-2020,FR,CAR,35.99573961
10-09-2020,FR,CAR,36.03602505
11-09-2020,FR,CAR,36.08098677
12-09-2020,FR,CAR,36.1318787
13-09-2020,FR,CAR,36.18894657
14-09-2020,FR,CAR,36.24173081
15-09-2020,FR,CAR,36.2884075
16-09-2020,FR,CAR,36.32569364
17-09-2020,FR,CAR,36.35877973
18-09-2020,FR,CAR,36.39282084
19-09-2020,FR,CAR,36.43120638
20-09-2020,FR,CAR,36.47270775
21-09-2020,FR,CAR,36.51167086
22-09-2020,FR,CAR,36.54655805
23-09-2020,FR,CAR,36.57517812
24-09-2020,FR,CAR,36.60123712
27-06-2020,FR,LODG,177.6053302
28-06-2020,FR,LODG,190.0721251
29-06-2020,FR,LODG,200.1686116
30-06-2020,FR,LODG,206.1191003
01-07-2020,FR,LODG,207.6198419
02-07-2020,FR,LODG,211.8921985
03-07-2020,FR,LODG,222.7122538
04-07-2020,FR,LODG,235.4678153
05-07-2020,FR,LODG,248.6862858
06-07-2020,FR,LODG,257.5716235
07-07-2020,FR,LODG,261.8992175
08-07-2020,FR,LODG,264.7415974
09-07-2020,FR,LODG,267.3536773
10-07-2020,FR,LODG,276.8716355
11-07-2020,FR,LODG,295.8326753
12-07-2020,FR,LODG,308.5051553
13-07-2020,FR,LODG,313.9313017
14-07-2020,FR,LODG,317.1373622
15-07-2020,FR,LODG,316.195754
16-07-2020,FR,LODG,318.1072651
17-07-2020,FR,LODG,326.4177169
18-07-2020,FR,LODG,334.7091304
19-07-2020,FR,LODG,342.1365159
20-07-2020,FR,LODG,347.1283107
21-07-2020,FR,LODG,349.4901888
22-07-2020,FR,LODG,350.8237349
23-07-2020,FR,LODG,353.3221107
24-07-2020,FR,LODG,358.1884103
25-07-2020,FR,LODG,364.6815287
26-07-2020,FR,LODG,370.1066612
27-07-2020,FR,LODG,373.2776492
28-07-2020,FR,LODG,374.6756701
29-07-2020,FR,LODG,375.3606366
30-07-2020,FR,LODG,377.0211385
31-07-2020,FR,LODG,380.6972991
01-08-2020,FR,LODG,385.0192605
02-08-2020,FR,LODG,388.7006031
03-08-2020,FR,LODG,391.2107323
04-08-2020,FR,LODG,392.4624174
05-08-2020,FR,LODG,393.3089654
06-08-2020,FR,LODG,394.828689
07-08-2020,FR,LODG,397.3017554
08-08-2020,FR,LODG,400.2892696
09-08-2020,FR,LODG,402.9287242
10-08-2020,FR,LODG,404.6814888
11-08-2020,FR,LODG,405.6445574
12-08-2020,FR,LODG,406.3868641
13-08-2020,FR,LODG,407.5601803
14-08-2020,FR,LODG,409.4208663
15-08-2020,FR,LODG,411.5895073
16-08-2020,FR,LODG,413.5057311
17-08-2020,FR,LODG,414.8514061
18-08-2020,FR,LODG,415.6720816
19-08-2020,FR,LODG,416.3432293
20-08-2020,FR,LODG,417.301942
21-08-2020,FR,LODG,418.6665426
22-08-2020,FR,LODG,420.2237045
23-08-2020,FR,LODG,421.6284846
24-08-2020,FR,LODG,422.6502453
25-08-2020,FR,LODG,423.3291285
26-08-2020,FR,LODG,423.9225082
27-08-2020,FR,LODG,424.6959071
28-08-2020,FR,LODG,425.734378
29-08-2020,FR,LODG,426.8940257
30-08-2020,FR,LODG,427.9421096
31-08-2020,FR,LODG,428.7342839
01-09-2020,FR,LODG,429.3003641
02-09-2020,FR,LODG,429.8080151
03-09-2020,FR,LODG,430.4324119
04-09-2020,FR,LODG,431.2235724
05-09-2020,FR,LODG,432.0884078
06-09-2020,FR,LODG,432.8781037
07-09-2020,FR,LODG,433.4973936
08-09-2020,FR,LODG,433.9671181
09-09-2020,FR,LODG,434.398766
10-09-2020,FR,LODG,434.9036758
11-09-2020,FR,LODG,435.5140285
12-09-2020,FR,LODG,436.1689543
13-09-2020,FR,LODG,436.7701821
14-09-2020,FR,LODG,437.2566168
15-09-2020,FR,LODG,437.6436542
16-09-2020,FR,LODG,438.0041807
17-09-2020,FR,LODG,438.4111952
18-09-2020,FR,LODG,438.8845997
19-09-2020,FR,LODG,439.3839895
20-09-2020,FR,LODG,439.845603
21-09-2020,FR,LODG,440.2298616
22-09-2020,FR,LODG,440.5475425
23-09-2020,FR,LODG,440.8466731
24-09-2020,FR,LODG,441.1744927
27-06-2020,FR,AIR,37.21012932
28-06-2020,FR,AIR,42.06435597
29-06-2020,FR,AIR,49.45736456
30-06-2020,FR,AIR,53.50487423
01-07-2020,FR,AIR,54.21967435
02-07-2020,FR,AIR,57.53576541
03-07-2020,FR,AIR,60.31906009
04-07-2020,FR,AIR,65.50903201
05-07-2020,FR,AIR,65.75203514
06-07-2020,FR,AIR,67.10238743
07-07-2020,FR,AIR,68.21850204
08-07-2020,FR,AIR,67.52426744
09-07-2020,FR,AIR,66.46060205
10-07-2020,FR,AIR,66.63638282
11-07-2020,FR,AIR,71.01867151
12-07-2020,FR,AIR,73.4443047
13-07-2020,FR,AIR,75.52981758
14-07-2020,FR,AIR,74.71080589
15-07-2020,FR,AIR,73.44868231
16-07-2020,FR,AIR,71.9964354
17-07-2020,FR,AIR,72.98809075
18-07-2020,FR,AIR,74.48155069
19-07-2020,FR,AIR,75.00794983
20-07-2020,FR,AIR,75.0531714
21-07-2020,FR,AIR,74.26459789
22-07-2020,FR,AIR,73.36999822
23-07-2020,FR,AIR,72.56256104
24-07-2020,FR,AIR,72.86424661
25-07-2020,FR,AIR,73.92272449
26-07-2020,FR,AIR,74.89722824
27-07-2020,FR,AIR,75.47758365
28-07-2020,FR,AIR,74.96345615
29-07-2020,FR,AIR,74.01207066
30-07-2020,FR,AIR,73.13839531
31-07-2020,FR,AIR,73.30332947
01-08-2020,FR,AIR,73.90634179
02-08-2020,FR,AIR,74.44141412
03-08-2020,FR,AIR,74.40766454
04-08-2020,FR,AIR,73.88035297
05-08-2020,FR,AIR,73.15666437
06-08-2020,FR,AIR,72.72791553
07-08-2020,FR,AIR,72.85493779
08-08-2020,FR,AIR,73.2842505
09-08-2020,FR,AIR,73.71217918
10-08-2020,FR,AIR,73.80911183
11-08-2020,FR,AIR,73.49291968
12-08-2020,FR,AIR,72.9567709
13-08-2020,FR,AIR,72.55905485
14-08-2020,FR,AIR,72.58331108
15-08-2020,FR,AIR,72.87843537
16-08-2020,FR,AIR,73.18952203
17-08-2020,FR,AIR,73.21187139
18-08-2020,FR,AIR,72.93800974
19-08-2020,FR,AIR,72.53552651
20-08-2020,FR,AIR,72.29921794
21-08-2020,FR,AIR,72.35112381
22-08-2020,FR,AIR,72.58948278
23-08-2020,FR,AIR,72.81332493
24-08-2020,FR,AIR,72.8439579
25-08-2020,FR,AIR,72.66071367
26-08-2020,FR,AIR,72.38311005
27-08-2020,FR,AIR,72.20146513
28-08-2020,FR,AIR,72.21859622
29-08-2020,FR,AIR,72.38171577
30-08-2020,FR,AIR,72.54585028
31-08-2020,FR,AIR,72.56886601
01-09-2020,FR,AIR,72.43105865
02-09-2020,FR,AIR,72.22605968
03-09-2020,FR,AIR,72.10177469
04-09-2020,FR,AIR,72.12581563
05-09-2020,FR,AIR,72.25626206
06-09-2020,FR,AIR,72.37765598
07-09-2020,FR,AIR,72.39459229
08-09-2020,FR,AIR,72.29468656
09-09-2020,FR,AIR,72.15020514
10-09-2020,FR,AIR,72.06057191
11-09-2020,FR,AIR,72.07529378
12-09-2020,FR,AIR,72.16604447
13-09-2020,FR,AIR,72.25307369
14-09-2020,FR,AIR,72.26622701
15-09-2020,FR,AIR,72.19475007
16-09-2020,FR,AIR,72.09032321
17-09-2020,FR,AIR,72.02622771
18-09-2020,FR,AIR,72.03924775
19-09-2020,FR,AIR,72.10829496
20-09-2020,FR,AIR,72.17301583
21-09-2020,FR,AIR,72.18242717
22-09-2020,FR,AIR,72.12973189
23-09-2020,FR,AIR,72.05428743
24-09-2020,FR,AIR,72.00828671
26-06-2020,IT,AIR,7.62074618
27-06-2020,IT,AIR,6.065644197
28-06-2020,IT,AIR,5.314651098
29-06-2020,IT,AIR,5.33893051
30-06-2020,IT,AIR,6.352350213
01-07-2020,IT,AIR,7.225798056
02-07-2020,IT,AIR,7.023839004
03-07-2020,IT,AIR,6.643889736
04-07-2020,IT,AIR,6.690013617
05-07-2020,IT,AIR,5.392748419
06-07-2020,IT,AIR,5.400922004
07-07-2020,IT,AIR,5.567708354
08-07-2020,IT,AIR,5.282990973
09-07-2020,IT,AIR,4.689691816
10-07-2020,IT,AIR,4.100263532
11-07-2020,IT,AIR,3.351592723
12-07-2020,IT,AIR,2.028619222
13-07-2020,IT,AIR,1.169066004
14-07-2020,IT,AIR,1.004382506
15-07-2020,IT,AIR,0.295410067
16-07-2020,IT,AIR,-1.269219682
17-07-2020,IT,AIR,-2.555395231
18-07-2020,IT,AIR,-3.785098098
19-07-2020,IT,AIR,-5.068080254
20-07-2020,IT,AIR,-6.092009522
21-07-2020,IT,AIR,-6.90337082
22-07-2020,IT,AIR,-7.806641139
23-07-2020,IT,AIR,-9.002068616
24-07-2020,IT,AIR,-10.25886995
25-07-2020,IT,AIR,-11.58810859
26-07-2020,IT,AIR,-12.90118703
27-07-2020,IT,AIR,-14.10138661
28-07-2020,IT,AIR,-15.1384806
29-07-2020,IT,AIR,-16.26196364
30-07-2020,IT,AIR,-17.60012218
31-07-2020,IT,AIR,-19.04942521
01-08-2020,IT,AIR,-20.51400521
02-08-2020,IT,AIR,-21.93594927
03-08-2020,IT,AIR,-23.26962361
04-08-2020,IT,AIR,-24.55584297
05-08-2020,IT,AIR,-25.9245711
06-08-2020,IT,AIR,-27.38587791
07-08-2020,IT,AIR,-28.91948277
08-08-2020,IT,AIR,-30.46144584
09-08-2020,IT,AIR,-31.95888603
10-08-2020,IT,AIR,-33.39928323
11-08-2020,IT,AIR,-34.80731779
12-08-2020,IT,AIR,-36.25285321
13-08-2020,IT,AIR,-37.77455443
14-08-2020,IT,AIR,-39.35483196
15-08-2020,IT,AIR,-40.9346182
16-08-2020,IT,AIR,-42.48024562
17-08-2020,IT,AIR,-43.98506144
18-08-2020,IT,AIR,-45.48001388
19-08-2020,IT,AIR,-47.00624624
20-08-2020,IT,AIR,-48.58214596
21-08-2020,IT,AIR,-50.18901268
22-08-2020,IT,AIR,-51.79223382
23-08-2020,IT,AIR,-53.36915368
24-08-2020,IT,AIR,-54.91933101
25-08-2020,IT,AIR,-56.46369421
26-08-2020,IT,AIR,-58.02283996
27-08-2020,IT,AIR,-59.60804605
28-08-2020,IT,AIR,-61.20710844
29-08-2020,IT,AIR,-62.79545003
30-08-2020,IT,AIR,-64.35810679
31-08-2020,IT,AIR,-65.8971315
01-09-2020,IT,AIR,-67.42701882
02-09-2020,IT,AIR,-68.96214449
03-09-2020,IT,AIR,-70.50624484
04-09-2020,IT,AIR,-72.04846138
05-09-2020,IT,AIR,-73.57368612
06-09-2020,IT,AIR,-75.07338876
07-09-2020,IT,AIR,-76.55062968
08-09-2020,IT,AIR,-78.01470274
09-09-2020,IT,AIR,-79.47328085
10-09-2020,IT,AIR,-80.92652673
11-09-2020,IT,AIR,-82.36691767
12-09-2020,IT,AIR,-83.78505343
13-09-2020,IT,AIR,-85.17612123
14-09-2020,IT,AIR,-86.54266828
15-09-2020,IT,AIR,-87.89045864
16-09-2020,IT,AIR,-89.22367299
17-09-2020,IT,AIR,-90.54132873
18-09-2020,IT,AIR,-91.83793718
19-09-2020,IT,AIR,-93.10779059
20-09-2020,IT,AIR,-94.34893632
21-09-2020,IT,AIR,-95.56357735
22-09-2020,IT,AIR,-96.7554813
23-09-2020,IT,AIR,-97.92663211
26-06-2020,IT,CAR,7.62074618
27-06-2020,IT,CAR,6.065644197
28-06-2020,IT,CAR,5.314651098
29-06-2020,IT,CAR,5.33893051
30-06-2020,IT,CAR,6.352350213
01-07-2020,IT,CAR,7.225798056
02-07-2020,IT,CAR,7.023839004
03-07-2020,IT,CAR,6.643889736
04-07-2020,IT,CAR,6.690013617
05-07-2020,IT,CAR,5.392748419
06-07-2020,IT,CAR,5.400922004
07-07-2020,IT,CAR,5.567708354
08-07-2020,IT,CAR,5.282990973
09-07-2020,IT,CAR,4.689691816
10-07-2020,IT,CAR,4.100263532
11-07-2020,IT,CAR,3.351592723
12-07-2020,IT,CAR,2.028619222
13-07-2020,IT,CAR,1.169066004
14-07-2020,IT,CAR,1.004382506
15-07-2020,IT,CAR,0.295410067
16-07-2020,IT,CAR,-1.269219682
17-07-2020,IT,CAR,-2.555395231
18-07-2020,IT,CAR,-3.785098098
19-07-2020,IT,CAR,-5.068080254
20-07-2020,IT,CAR,-6.092009522
21-07-2020,IT,CAR,-6.90337082
22-07-2020,IT,CAR,-7.806641139
23-07-2020,IT,CAR,-9.002068616
24-07-2020,IT,CAR,-10.25886995
25-07-2020,IT,CAR,-11.58810859
26-07-2020,IT,CAR,-12.90118703
27-07-2020,IT,CAR,-14.10138661
28-07-2020,IT,CAR,-15.1384806
29-07-2020,IT,CAR,-16.26196364
30-07-2020,IT,CAR,-17.60012218
31-07-2020,IT,CAR,-19.04942521
01-08-2020,IT,CAR,-20.51400521
02-08-2020,IT,CAR,-21.93594927
03-08-2020,IT,CAR,-23.26962361
04-08-2020,IT,CAR,-24.55584297
05-08-2020,IT,CAR,-25.9245711
06-08-2020,IT,CAR,-27.38587791
07-08-2020,IT,CAR,-28.91948277
08-08-2020,IT,CAR,-30.46144584
09-08-2020,IT,CAR,-31.95888603
10-08-2020,IT,CAR,-33.39928323
11-08-2020,IT,CAR,-34.80731779
12-08-2020,IT,CAR,-36.25285321
13-08-2020,IT,CAR,-37.77455443
14-08-2020,IT,CAR,-39.35483196
15-08-2020,IT,CAR,-40.9346182
16-08-2020,IT,CAR,-42.48024562
17-08-2020,IT,CAR,-43.98506144
18-08-2020,IT,CAR,-45.48001388
19-08-2020,IT,CAR,-47.00624624
20-08-2020,IT,CAR,-48.58214596
21-08-2020,IT,CAR,-50.18901268
22-08-2020,IT,CAR,-51.79223382
23-08-2020,IT,CAR,-53.36915368
24-08-2020,IT,CAR,-54.91933101
25-08-2020,IT,CAR,-56.46369421
26-08-2020,IT,CAR,-58.02283996
27-08-2020,IT,CAR,-59.60804605
28-08-2020,IT,CAR,-61.20710844
29-08-2020,IT,CAR,-62.79545003
30-08-2020,IT,CAR,-64.35810679
31-08-2020,IT,CAR,-65.8971315
01-09-2020,IT,CAR,-67.42701882
02-09-2020,IT,CAR,-68.96214449
03-09-2020,IT,CAR,-70.50624484
04-09-2020,IT,CAR,-72.04846138
05-09-2020,IT,CAR,-73.57368612
06-09-2020,IT,CAR,-75.07338876
07-09-2020,IT,CAR,-76.55062968
08-09-2020,IT,CAR,-78.01470274
09-09-2020,IT,CAR,-79.47328085
10-09-2020,IT,CAR,-80.92652673
11-09-2020,IT,CAR,-82.36691767
12-09-2020,IT,CAR,-83.78505343
13-09-2020,IT,CAR,-85.17612123
14-09-2020,IT,CAR,-86.54266828
15-09-2020,IT,CAR,-87.89045864
16-09-2020,IT,CAR,-89.22367299
17-09-2020,IT,CAR,-90.54132873
18-09-2020,IT,CAR,-91.83793718
19-09-2020,IT,CAR,-93.10779059
20-09-2020,IT,CAR,-94.34893632
21-09-2020,IT,CAR,-95.56357735
22-09-2020,IT,CAR,-96.7554813
23-09-2020,IT,CAR,-97.92663211
27-06-2020,IT,LODG,157.0805799
28-06-2020,IT,LODG,175.674451
29-06-2020,IT,LODG,191.5165513
30-06-2020,IT,LODG,203.3739503
01-07-2020,IT,LODG,213.1157825
02-07-2020,IT,LODG,219.4329058
03-07-2020,IT,LODG,226.9403498
04-07-2020,IT,LODG,243.6636911
05-07-2020,IT,LODG,254.5048724
06-07-2020,IT,LODG,263.7435695
07-07-2020,IT,LODG,271.8479299
08-07-2020,IT,LODG,277.4271041
09-07-2020,IT,LODG,281.2639763
10-07-2020,IT,LODG,285.8884221
11-07-2020,IT,LODG,299.0192352
12-07-2020,IT,LODG,307.6224213
13-07-2020,IT,LODG,311.2270424
14-07-2020,IT,LODG,309.0137265
15-07-2020,IT,LODG,304.9956322
16-07-2020,IT,LODG,300.587548
17-07-2020,IT,LODG,302.1835585
18-07-2020,IT,LODG,304.8104425
19-07-2020,IT,LODG,307.354537
20-07-2020,IT,LODG,308.0628709
21-07-2020,IT,LODG,306.6679018
22-07-2020,IT,LODG,303.4969151
23-07-2020,IT,LODG,300.6892077
24-07-2020,IT,LODG,299.9370965
25-07-2020,IT,LODG,300.5455552
26-07-2020,IT,LODG,301.0925815
27-07-2020,IT,LODG,300.2177571
28-07-2020,IT,LODG,297.5936448
29-07-2020,IT,LODG,293.9458919
30-07-2020,IT,LODG,290.8674526
31-07-2020,IT,LODG,290.1143541
01-08-2020,IT,LODG,290.7412464
02-08-2020,IT,LODG,291.5134238
03-08-2020,IT,LODG,291.4640652
04-08-2020,IT,LODG,290.0566615
05-08-2020,IT,LODG,287.887047
06-08-2020,IT,LODG,286.2281232
07-08-2020,IT,LODG,285.727608
08-08-2020,IT,LODG,286.2056081
09-08-2020,IT,LODG,286.8968944
10-08-2020,IT,LODG,287.0398825
11-08-2020,IT,LODG,286.333333
12-08-2020,IT,LODG,285.1947059
13-08-2020,IT,LODG,284.4170231
14-08-2020,IT,LODG,284.5243021
15-08-2020,IT,LODG,285.3884194
16-08-2020,IT,LODG,286.4149456
17-08-2020,IT,LODG,286.9938841
18-08-2020,IT,LODG,286.8622105
19-08-2020,IT,LODG,286.3350606
20-08-2020,IT,LODG,286.0284487
21-08-2020,IT,LODG,286.3069831
22-08-2020,IT,LODG,287.123982
23-08-2020,IT,LODG,288.0787103
24-08-2020,IT,LODG,288.7176195
25-08-2020,IT,LODG,288.8658092
26-08-2020,IT,LODG,288.7329776
27-08-2020,IT,LODG,288.7168981
28-08-2020,IT,LODG,289.092555
29-08-2020,IT,LODG,289.8341112
30-08-2020,IT,LODG,290.6567103
31-08-2020,IT,LODG,291.2331619
01-09-2020,IT,LODG,291.4318682
02-09-2020,IT,LODG,291.3991776
03-09-2020,IT,LODG,291.4310329
04-09-2020,IT,LODG,291.7403215
05-09-2020,IT,LODG,292.3196587
06-09-2020,IT,LODG,292.9658768
07-09-2020,IT,LODG,293.4360555
08-09-2020,IT,LODG,293.6295222
09-09-2020,IT,LODG,293.6462282
10-09-2020,IT,LODG,293.6934416
11-09-2020,IT,LODG,293.9291479
12-09-2020,IT,LODG,294.3550557
13-09-2020,IT,LODG,294.8286516
14-09-2020,IT,LODG,295.1773322
15-09-2020,IT,LODG,295.3255409
16-09-2020,IT,LODG,295.3416773
17-09-2020,IT,LODG,295.3757917
18-09-2020,IT,LODG,295.546022
19-09-2020,IT,LODG,295.8581392
20-09-2020,IT,LODG,296.2104078
21-09-2020,IT,LODG,296.4756154
22-09-2020,IT,LODG,296.5949303
23-09-2020,IT,LODG,296.6145599
24-09-2020,IT,LODG,296.6427702
27-06-2020,CA,CAR,405.5395489
28-06-2020,CA,CAR,471.7139776
29-06-2020,CA,CAR,529.153475
30-06-2020,CA,CAR,582.199979
01-07-2020,CA,CAR,599.1413869
02-07-2020,CA,CAR,601.7735179
03-07-2020,CA,CAR,614.201027
04-07-2020,CA,CAR,664.4413935
05-07-2020,CA,CAR,719.4887381
06-07-2020,CA,CAR,756.7094277
07-07-2020,CA,CAR,782.9421787
08-07-2020,CA,CAR,780.117247
09-07-2020,CA,CAR,760.0451707
10-07-2020,CA,CAR,775.8099144
11-07-2020,CA,CAR,829.6242546
12-07-2020,CA,CAR,873.5150664
13-07-2020,CA,CAR,889.883527
14-07-2020,CA,CAR,891.4282345
15-07-2020,CA,CAR,863.8510774
16-07-2020,CA,CAR,830.052303
17-07-2020,CA,CAR,845.3982036
18-07-2020,CA,CAR,874.0826439
19-07-2020,CA,CAR,907.3891031
20-07-2020,CA,CAR,927.5454764
21-07-2020,CA,CAR,925.241925
22-07-2020,CA,CAR,903.3868252
23-07-2020,CA,CAR,878.452624
24-07-2020,CA,CAR,880.1108639
25-07-2020,CA,CAR,907.6915156
26-07-2020,CA,CAR,935.547816
27-07-2020,CA,CAR,950.0409441
28-07-2020,CA,CAR,943.670507
29-07-2020,CA,CAR,917.927429
30-07-2020,CA,CAR,895.058804
31-07-2020,CA,CAR,897.4938725
01-08-2020,CA,CAR,921.4125882
02-08-2020,CA,CAR,946.6484349
03-08-2020,CA,CAR,960.4876428
04-08-2020,CA,CAR,953.2487499
05-08-2020,CA,CAR,928.6709146
06-08-2020,CA,CAR,908.5299687
07-08-2020,CA,CAR,908.1676363
08-08-2020,CA,CAR,927.6701747
09-08-2020,CA,CAR,950.9537219
10-08-2020,CA,CAR,962.1298586
11-08-2020,CA,CAR,954.1505324
12-08-2020,CA,CAR,931.6042649
13-08-2020,CA,CAR,912.6122819
14-08-2020,CA,CAR,912.7026306
15-08-2020,CA,CAR,930.1116358
16-08-2020,CA,CAR,951.1821507
17-08-2020,CA,CAR,961.1627864
18-08-2020,CA,CAR,952.7508091
19-08-2020,CA,CAR,931.7420893
20-08-2020,CA,CAR,914.4582938
21-08-2020,CA,CAR,914.0874379
22-08-2020,CA,CAR,929.6226447
23-08-2020,CA,CAR,948.9560776
24-08-2020,CA,CAR,957.8880714
25-08-2020,CA,CAR,949.7671704
26-08-2020,CA,CAR,930.6429886
27-08-2020,CA,CAR,914.9428527
28-08-2020,CA,CAR,914.5323627
29-08-2020,CA,CAR,928.7856405
30-08-2020,CA,CAR,946.3689505
31-08-2020,CA,CAR,954.3221949
01-09-2020,CA,CAR,946.6486053
02-09-2020,CA,CAR,929.0412592
03-09-2020,CA,CAR,914.8808019
04-09-2020,CA,CAR,914.554268
05-09-2020,CA,CAR,927.6169031
06-09-2020,CA,CAR,943.7841247
07-09-2020,CA,CAR,950.933436
08-09-2020,CA,CAR,943.7721919
09-09-2020,CA,CAR,927.7148377
10-09-2020,CA,CAR,914.8807167
11-09-2020,CA,CAR,914.6633683
12-09-2020,CA,CAR,926.6828166
13-09-2020,CA,CAR,941.4835565
14-09-2020,CA,CAR,947.9164706
15-09-2020,CA,CAR,941.2780558
16-09-2020,CA,CAR,926.6242604
17-09-2020,CA,CAR,915.007972
18-09-2020,CA,CAR,914.9430232
19-09-2020,CA,CAR,926.0169636
20-09-2020,CA,CAR,939.5731925
21-09-2020,CA,CAR,945.3863655
22-09-2020,CA,CAR,939.2303787
23-09-2020,CA,CAR,925.8632003
24-09-2020,CA,CAR,915.3444784
27-06-2020,CA,AIR,376.8200346
28-06-2020,CA,AIR,437.8028639
29-06-2020,CA,AIR,487.9608937
30-06-2020,CA,AIR,550.2756848
01-07-2020,CA,AIR,578.9176782
02-07-2020,CA,AIR,581.5459736
03-07-2020,CA,AIR,596.904489
04-07-2020,CA,AIR,647.4459042
05-07-2020,CA,AIR,693.6359205
06-07-2020,CA,AIR,735.1971416
07-07-2020,CA,AIR,766.5288846
08-07-2020,CA,AIR,773.1942337
09-07-2020,CA,AIR,758.4913431
10-07-2020,CA,AIR,766.8733178
11-07-2020,CA,AIR,819.706863
12-07-2020,CA,AIR,866.1956267
13-07-2020,CA,AIR,885.0387048
14-07-2020,CA,AIR,894.5350372
15-07-2020,CA,AIR,881.3894688
16-07-2020,CA,AIR,849.5899581
17-07-2020,CA,AIR,855.594142
18-07-2020,CA,AIR,879.2608188
19-07-2020,CA,AIR,897.83
20-07-2020,CA,AIR,828.6
21-07-2020,CA,AIR,833.49
22-07-2020,CA,AIR,848.43
23-07-2020,CA,AIR,850.94
24-07-2020,CA,AIR,821.45
25-07-2020,CA,AIR,811.32
26-07-2020,CA,AIR,837.252
27-07-2020,CA,AIR,851.89
28-07-2020,CA,AIR,850.314
29-07-2020,CA,AIR,900.795
30-07-2020,CA,AIR,907.4508129
31-07-2020,CA,AIR,903.5136544
01-08-2020,CA,AIR,920.2356683
02-08-2020,CA,AIR,941.1521642
03-08-2020,CA,AIR,954.9144052
04-08-2020,CA,AIR,952.7629976
05-08-2020,CA,AIR,933.0492477
06-08-2020,CA,AIR,912.6261752
07-08-2020,CA,AIR,907.1898245
08-08-2020,CA,AIR,919.9923234
09-08-2020,CA,AIR,939.1571622
10-08-2020,CA,AIR,951.0174774
11-08-2020,CA,AIR,947.2912745
12-08-2020,CA,AIR,929.1353582
13-08-2020,CA,AIR,910.2189784
14-08-2020,CA,AIR,905.4927175
15-08-2020,CA,AIR,917.1055113
16-08-2020,CA,AIR,934.5622479
17-08-2020,CA,AIR,945.3697448
18-08-2020,CA,AIR,941.5081893
19-08-2020,CA,AIR,924.7000884
20-08-2020,CA,AIR,907.6461707
21-08-2020,CA,AIR,903.2986073
22-08-2020,CA,AIR,913.4786921
23-08-2020,CA,AIR,929.6148883
24-08-2020,CA,AIR,939.647858
25-08-2020,CA,AIR,935.7986616
26-08-2020,CA,AIR,920.6155591
27-08-2020,CA,AIR,905.3411703
28-08-2020,CA,AIR,901.4301788
29-08-2020,CA,AIR,910.8856838
30-08-2020,CA,AIR,925.7791589
31-08-2020,CA,AIR,934.9040388
01-09-2020,CA,AIR,931.3299798
02-09-2020,CA,AIR,917.4813961
03-09-2020,CA,AIR,903.7662898
04-09-2020,CA,AIR,900.3401129
05-09-2020,CA,AIR,909.047343
06-09-2020,CA,AIR,922.7998673
07-09-2020,CA,AIR,931.2028097
08-09-2020,CA,AIR,927.9043995
09-09-2020,CA,AIR,915.3435408
10-09-2020,CA,AIR,903.0137532
11-09-2020,CA,AIR,899.9866449
12-09-2020,CA,AIR,908.0461769
13-09-2020,CA,AIR,920.7204829
14-09-2020,CA,AIR,928.3882766
15-09-2020,CA,AIR,925.3543495
16-09-2020,CA,AIR,913.9498692
17-09-2020,CA,AIR,902.8130256
18-09-2020,CA,AIR,900.1715188
19-09-2020,CA,AIR,907.6270782
20-09-2020,CA,AIR,919.2654424
21-09-2020,CA,AIR,926.2759917
22-09-2020,CA,AIR,923.4775679
23-09-2020,CA,AIR,913.1040858
24-09-2020,CA,AIR,903.0295216
27-06-2020,CA,LODG,1368.984257
28-06-2020,CA,LODG,1481.681606
29-06-2020,CA,LODG,1610.319858
30-06-2020,CA,LODG,1751.888911
01-07-2020,CA,LODG,1799.856175
02-07-2020,CA,LODG,1779.130276
03-07-2020,CA,LODG,1796.066857
04-07-2020,CA,LODG,1882.824069
05-07-2020,CA,LODG,1965.311672
06-07-2020,CA,LODG,2083.533228
07-07-2020,CA,LODG,2168.897669
08-07-2020,CA,LODG,2204.277232
09-07-2020,CA,LODG,2198.442566
10-07-2020,CA,LODG,2192.469483
11-07-2020,CA,LODG,2277.161222
12-07-2020,CA,LODG,2407.318146
13-07-2020,CA,LODG,2488.403898
14-07-2020,CA,LODG,2534.555283
15-07-2020,CA,LODG,2522.054462
16-07-2020,CA,LODG,2455.494264
17-07-2020,CA,LODG,2454.391091
18-07-2020,CA,LODG,2489.872259
19-07-2020,CA,LODG,2556.648919
20-07-2020,CA,LODG,2623.87593
21-07-2020,CA,LODG,2657.917451
22-07-2020,CA,LODG,2638.32712
23-07-2020,CA,LODG,2591.308904
24-07-2020,CA,LODG,2568.147682
25-07-2020,CA,LODG,2588.459799
26-07-2020,CA,LODG,2645.907228
27-07-2020,CA,LODG,2696.838946
28-07-2020,CA,LODG,2711.042751
29-07-2020,CA,LODG,2678.953072
30-07-2020,CA,LODG,2621.213099
31-07-2020,CA,LODG,2589.411301
01-08-2020,CA,LODG,2605.897532
02-08-2020,CA,LODG,2649.615311
03-08-2020,CA,LODG,2692.6437
04-08-2020,CA,LODG,2703.717637
05-08-2020,CA,LODG,2670.127201
06-08-2020,CA,LODG,2619.686083
07-08-2020,CA,LODG,2587.713225
08-08-2020,CA,LODG,2594.848873
09-08-2020,CA,LODG,2631.520092
10-08-2020,CA,LODG,2668.1437
11-08-2020,CA,LODG,2674.459147
12-08-2020,CA,LODG,2642.880928
13-08-2020,CA,LODG,2595.002753
14-08-2020,CA,LODG,2564.27124
15-08-2020,CA,LODG,2570.625219
16-08-2020,CA,LODG,2604.146936
17-08-2020,CA,LODG,2637.210204
18-08-2020,CA,LODG,2643.175435
19-08-2020,CA,LODG,2614.470127
20-08-2020,CA,LODG,2571.16392
21-08-2020,CA,LODG,2543.59958
22-08-2020,CA,LODG,2548.144797
23-08-2020,CA,LODG,2577.997208
24-08-2020,CA,LODG,2608.261192
25-08-2020,CA,LODG,2613.814113
26-08-2020,CA,LODG,2588.818361
27-08-2020,CA,LODG,2550.535454
28-08-2020,CA,LODG,2525.716896
29-08-2020,CA,LODG,2530.141367
30-08-2020,CA,LODG,2557.744238
31-08-2020,CA,LODG,2585.649961
01-09-2020,CA,LODG,2591.373941
02-09-2020,CA,LODG,2569.446947
03-09-2020,CA,LODG,2535.330817
04-09-2020,CA,LODG,2513.236691
05-09-2020,CA,LODG,2517.417702
06-09-2020,CA,LODG,2542.588195
07-09-2020,CA,LODG,2568.342302
08-09-2020,CA,LODG,2574.186539
09-09-2020,CA,LODG,2555.133683
10-09-2020,CA,LODG,2525.024315
11-09-2020,CA,LODG,2505.358886
12-09-2020,CA,LODG,2509.285149
13-09-2020,CA,LODG,2532.302063
14-09-2020,CA,LODG,2555.941613
15-09-2020,CA,LODG,2561.755663
16-09-2020,CA,LODG,2545.130523
17-09-2020,CA,LODG,2518.338526
18-09-2020,CA,LODG,2500.778082
19-09-2020,CA,LODG,2504.439289
20-09-2020,CA,LODG,2525.378705
21-09-2020,CA,LODG,2547.034753
22-09-2020,CA,LODG,2552.7364
23-09-2020,CA,LODG,2538.195384
24-09-2020,CA,LODG,2514.35287
27-06-2020,AU,LODG,519.3749045
28-06-2020,AU,LODG,600.6264
29-06-2020,AU,LODG,678.6399308
30-06-2020,AU,LODG,738.8864384
01-07-2020,AU,LODG,764.8230404
02-07-2020,AU,LODG,757.3770428
03-07-2020,AU,LODG,774.2962409
04-07-2020,AU,LODG,863.0369547
05-07-2020,AU,LODG,946.723561
06-07-2020,AU,LODG,1001.100729
07-07-2020,AU,LODG,1057.285412
08-07-2020,AU,LODG,1086.313437
09-07-2020,AU,LODG,1071.528222
10-07-2020,AU,LODG,1093.45589
11-07-2020,AU,LODG,1192.566559
12-07-2020,AU,LODG,1271.968611
13-07-2020,AU,LODG,1296.514942
14-07-2020,AU,LODG,1329.463001
15-07-2020,AU,LODG,1332.268717
16-07-2020,AU,LODG,1294.021981
17-07-2020,AU,LODG,1313.474276
18-07-2020,AU,LODG,1380.327417
19-07-2020,AU,LODG,1442.629928
20-07-2020,AU,LODG,1471.561675
21-07-2020,AU,LODG,1494.018243
22-07-2020,AU,LODG,1491.544205
23-07-2020,AU,LODG,1458.44827
24-07-2020,AU,LODG,1463.56773
25-07-2020,AU,LODG,1523.176556
26-07-2020,AU,LODG,1573.199482
27-07-2020,AU,LODG,1592.218571
28-07-2020,AU,LODG,1606.122534
29-07-2020,AU,LODG,1595.459661
30-07-2020,AU,LODG,1560.335148
31-07-2020,AU,LODG,1565.340742
01-08-2020,AU,LODG,1618.554245
02-08-2020,AU,LODG,1662.620973
03-08-2020,AU,LODG,1682.438123
04-08-2020,AU,LODG,1691.45736
05-08-2020,AU,LODG,1674.736094
06-08-2020,AU,LODG,1640.452487
07-08-2020,AU,LODG,1639.975518
08-08-2020,AU,LODG,1684.30182
09-08-2020,AU,LODG,1722.978012
10-08-2020,AU,LODG,1738.408745
11-08-2020,AU,LODG,1742.14781
12-08-2020,AU,LODG,1721.585782
13-08-2020,AU,LODG,1685.414471
14-08-2020,AU,LODG,1682.425786
15-08-2020,AU,LODG,1719.421999
16-08-2020,AU,LODG,1751.876084
17-08-2020,AU,LODG,1763.687784
18-08-2020,AU,LODG,1761.510997
19-08-2020,AU,LODG,1735.460071
20-08-2020,AU,LODG,1697.454403
21-08-2020,AU,LODG,1690.597949
22-08-2020,AU,LODG,1720.412781
23-08-2020,AU,LODG,1748.200202
24-08-2020,AU,LODG,1756.83283
25-08-2020,AU,LODG,1750.196105
26-08-2020,AU,LODG,1721.119483
27-08-2020,AU,LODG,1682.152875
28-08-2020,AU,LODG,1672.915908
29-08-2020,AU,LODG,1697.877524
30-08-2020,AU,LODG,1722.100596
31-08-2020,AU,LODG,1728.95605
01-09-2020,AU,LODG,1719.778434
02-09-2020,AU,LODG,1689.09452
03-09-2020,AU,LODG,1651.030836
04-09-2020,AU,LODG,1641.307231
05-09-2020,AU,LODG,1663.566243
06-09-2020,AU,LODG,1686.571467
07-09-2020,AU,LODG,1693.482938
08-09-2020,AU,LODG,1683.674475
09-09-2020,AU,LODG,1653.515544
10-09-2020,AU,LODG,1617.767187
11-09-2020,AU,LODG,1608.989185
12-09-2020,AU,LODG,1630.365778
13-09-2020,AU,LODG,1653.466697
14-09-2020,AU,LODG,1661.571674
15-09-2020,AU,LODG,1652.584446
16-09-2020,AU,LODG,1624.170679
17-09-2020,AU,LODG,1591.694588
18-09-2020,AU,LODG,1584.877478
19-09-2020,AU,LODG,1606.351266
20-09-2020,AU,LODG,1630.305595
21-09-2020,AU,LODG,1640.111557
22-09-2020,AU,LODG,1632.460209
23-09-2020,AU,LODG,1606.301752
24-09-2020,AU,LODG,1577.253971
27-06-2020,AU,CAR,828.5252832
28-06-2020,AU,CAR,933.5542235
29-06-2020,AU,CAR,989.4357368
30-06-2020,AU,CAR,1031.238153
01-07-2020,AU,CAR,1044.783598
02-07-2020,AU,CAR,1039.422736
03-07-2020,AU,CAR,1077.220511
04-07-2020,AU,CAR,1201.084154
05-07-2020,AU,CAR,1318.460364
06-07-2020,AU,CAR,1355.115564
07-07-2020,AU,CAR,1372.3739
08-07-2020,AU,CAR,1360.054722
09-07-2020,AU,CAR,1341.553781
10-07-2020,AU,CAR,1381.837264
11-07-2020,AU,CAR,1517.532447
12-07-2020,AU,CAR,1619.217767
13-07-2020,AU,CAR,1623.423633
14-07-2020,AU,CAR,1599.869085
15-07-2020,AU,CAR,1550.370141
16-07-2020,AU,CAR,1491.8763
17-07-2020,AU,CAR,1534.951746
18-07-2020,AU,CAR,1601.246644
19-07-2020,AU,CAR,1656.338016
20-07-2020,AU,CAR,1663.957854
21-07-2020,AU,CAR,1636.634065
22-07-2020,AU,CAR,1591.490863
23-07-2020,AU,CAR,1558.35375
24-07-2020,AU,CAR,1572.678167
25-07-2020,AU,CAR,1625.173798
26-07-2020,AU,CAR,1663.309336
27-07-2020,AU,CAR,1662.954235
28-07-2020,AU,CAR,1631.869374
29-07-2020,AU,CAR,1588.954807
30-07-2020,AU,CAR,1559.817501
31-07-2020,AU,CAR,1574.606383
01-08-2020,AU,CAR,1615.19462
02-08-2020,AU,CAR,1643.749094
03-08-2020,AU,CAR,1645.581282
04-08-2020,AU,CAR,1621.75449
05-08-2020,AU,CAR,1586.351398
06-08-2020,AU,CAR,1568.342264
07-08-2020,AU,CAR,1579.011806
08-08-2020,AU,CAR,1609.436646
09-08-2020,AU,CAR,1633.003364
10-08-2020,AU,CAR,1634.097676
11-08-2020,AU,CAR,1614.253018
12-08-2020,AU,CAR,1587.404365
13-08-2020,AU,CAR,1573.407708
14-08-2020,AU,CAR,1583.883028
15-08-2020,AU,CAR,1608.870818
16-08-2020,AU,CAR,1628.051619
17-08-2020,AU,CAR,1629.029898
18-08-2020,AU,CAR,1612.821944
19-08-2020,AU,CAR,1591.009726
20-08-2020,AU,CAR,1580.783477
21-08-2020,AU,CAR,1589.52797
22-08-2020,AU,CAR,1609.17057
23-08-2020,AU,CAR,1624.587965
24-08-2020,AU,CAR,1625.224146
25-08-2020,AU,CAR,1611.595928
26-08-2020,AU,CAR,1594.435703
27-08-2020,AU,CAR,1586.550121
28-08-2020,AU,CAR,1593.774181
29-08-2020,AU,CAR,1609.645038
30-08-2020,AU,CAR,1621.808506
31-08-2020,AU,CAR,1621.877859
01-09-2020,AU,CAR,1610.577971
02-09-2020,AU,CAR,1596.603654
03-09-2020,AU,CAR,1590.558931
04-09-2020,AU,CAR,1596.557974
05-09-2020,AU,CAR,1609.262929
06-09-2020,AU,CAR,1618.883338
07-09-2020,AU,CAR,1618.683615
08-09-2020,AU,CAR,1609.313944
09-09-2020,AU,CAR,1598.144426
10-09-2020,AU,CAR,1593.514773
11-09-2020,AU,CAR,1598.458849
12-09-2020,AU,CAR,1608.678096
13-09-2020,AU,CAR,1616.275262
14-09-2020,AU,CAR,1615.854475
15-09-2020,AU,CAR,1608.187956
16-09-2020,AU,CAR,1599.25641
17-09-2020,AU,CAR,1595.729905
18-09-2020,AU,CAR,1599.876253
19-09-2020,AU,CAR,1608.113935
20-09-2020,AU,CAR,1614.113979
21-09-2020,AU,CAR,1613.620171
22-09-2020,AU,CAR,1607.352718
23-09-2020,AU,CAR,1600.243692
24-09-2020,AU,CAR,1597.578265
27-06-2020,AU,AIR,907.4309433
28-06-2020,AU,AIR,1.5
29-06-2020,AU,AIR,2.5
30-06-2020,AU,AIR,2.4
01-07-2020,AU,AIR,2.3
02-07-2020,AU,AIR,2.2
03-07-2020,AU,AIR,3.1
04-07-2020,AU,AIR,1.5
05-07-2020,AU,AIR,1.6
06-07-2020,AU,AIR,1.7
07-07-2020,AU,AIR,1.7
08-07-2020,AU,AIR,1.7
09-07-2020,AU,AIR,1.7
10-07-2020,AU,AIR,1.76
11-07-2020,AU,AIR,1.95
12-07-2020,AU,AIR,2.69
13-07-2020,AU,AIR,2.39
14-07-2020,AU,AIR,1.95
15-07-2020,AU,AIR,1.91
16-07-2020,AU,AIR,1.79
17-07-2020,AU,AIR,1.81
18-07-2020,AU,AIR,1.9
19-07-2020,AU,AIR,1.948
20-07-2020,AU,AIR,1.91
21-07-2020,AU,AIR,2.8
22-07-2020,AU,AIR,2.7
23-07-2020,AU,AIR,1.668
24-07-2020,AU,AIR,1.6
25-07-2020,AU,AIR,1.73
26-07-2020,AU,AIR,1.77
27-07-2020,AU,AIR,1.74
28-07-2020,AU,AIR,1.68
29-07-2020,AU,AIR,1.59
30-07-2020,AU,AIR,2.5
31-07-2020,AU,AIR,2.53
01-08-2020,AU,AIR,1.608
02-08-2020,AU,AIR,1.66
03-08-2020,AU,AIR,1.65
04-08-2020,AU,AIR,1.61
05-08-2020,AU,AIR,1.54
06-08-2020,AU,AIR,1.49
07-08-2020,AU,AIR,1.51
08-08-2020,AU,AIR,1.59
09-08-2020,AU,AIR,1.65
10-08-2020,AU,AIR,1.665
11-08-2020,AU,AIR,1.63
12-08-2020,AU,AIR,1.57
13-08-2020,AU,AIR,1.53
14-08-2020,AU,AIR,1.55
15-08-2020,AU,AIR,3.6
16-08-2020,AU,AIR,3.6
17-08-2020,AU,AIR,3.7
18-08-2020,AU,AIR,3.67
19-08-2020,AU,AIR,3.614
20-08-2020,AU,AIR,3.57
21-08-2020,AU,AIR,3.598
22-08-2020,AU,AIR,3.66
23-08-2020,AU,AIR,3.71
24-08-2020,AU,AIR,3.72
25-08-2020,AU,AIR,3.685
26-08-2020,AU,AIR,3.63
27-08-2020,AU,AIR,2.59
28-08-2020,AU,AIR,4.6
29-08-2020,AU,AIR,2.64
30-08-2020,AU,AIR,3.7
31-08-2020,AU,AIR,1.714
01-09-2020,AU,AIR,3.68
02-09-2020,AU,AIR,2.62
03-09-2020,AU,AIR,1.592
04-09-2020,AU,AIR,1.605
05-09-2020,AU,AIR,1.654
06-09-2020,AU,AIR,1.696
07-09-2020,AU,AIR,1.701
08-09-2020,AU,AIR,1.668
09-09-2020,AU,AIR,1.619
10-09-2020,AU,AIR,1.588
11-09-2020,AU,AIR,1.601
12-09-2020,AU,AIR,1.646
13-09-2020,AU,AIR,1.68
14-09-2020,AU,AIR,5.67
15-09-2020,AU,AIR,6.7
16-09-2020,AU,AIR,8.9
17-09-2020,AU,AIR,8.9
18-09-2020,AU,AIR,8.9
19-09-2020,AU,AIR,8.9
20-09-2020,AU,AIR,8.9
21-09-2020,AU,AIR,8.9
22-09-2020,AU,AIR,8.9
23-09-2020,AU,AIR,8.9
24-09-2020,AU,AIR,9.2
27-06-2020,JP,AIR,9.2
28-06-2020,JP,AIR,10.17
29-06-2020,JP,AIR,11.2
30-06-2020,JP,AIR,11.85
01-07-2020,JP,AIR,12.4
02-07-2020,JP,AIR,12.7
03-07-2020,JP,AIR,13.5
04-07-2020,JP,AIR,14.98
05-07-2020,JP,AIR,16
06-07-2020,JP,AIR,16.72
07-07-2020,JP,AIR,17.12
08-07-2020,JP,AIR,17.27
09-07-2020,JP,AIR,17.1
10-07-2020,JP,AIR,17.86
11-07-2020,JP,AIR,19.06
12-07-2020,JP,AIR,20.27
13-07-2020,JP,AIR,20.77
14-07-2020,JP,AIR,20.86
15-07-2020,JP,AIR,20.93
16-07-2020,JP,AIR,20.93
17-07-2020,JP,AIR,21.54
18-07-2020,JP,AIR,22.27
19-07-2020,JP,AIR,22.99
20-07-2020,JP,AIR,23.39
21-07-2020,JP,AIR,23.57
22-07-2020,JP,AIR,23.61
23-07-2020,JP,AIR,23.7
24-07-2020,JP,AIR,24.09
25-07-2020,JP,AIR,24.69
26-07-2020,JP,AIR,25.26
27-07-2020,JP,AIR,25.6
28-07-2020,JP,AIR,25.74
29-07-2020,JP,AIR,25.77
30-07-2020,JP,AIR,25.91
31-07-2020,JP,AIR,26.22
01-08-2020,JP,AIR,26.66
02-08-2020,JP,AIR,27.06
03-08-2020,JP,AIR,27.32
04-08-2020,JP,AIR,27.46
05-08-2020,JP,AIR,27.52
06-08-2020,JP,AIR,27.65
07-08-2020,JP,AIR,27.88
08-08-2020,JP,AIR,28.19
09-08-2020,JP,AIR,28.47
10-08-2020,JP,AIR,28.66
11-08-2020,JP,AIR,28.76
12-08-2020,JP,AIR,28.82
13-08-2020,JP,AIR,28.91
14-08-2020,JP,AIR,29.07
15-08-2020,JP,AIR,29.27
16-08-2020,JP,AIR,29.46
17-08-2020,JP,AIR,29.58
18-08-2020,JP,AIR,29.64
19-08-2020,JP,AIR,29.68
20-08-2020,JP,AIR,29.74
21-08-2020,JP,AIR,29.84
22-08-2020,JP,AIR,29.96
23-08-2020,JP,AIR,30.07
24-08-2020,JP,AIR,30.15
25-08-2020,JP,AIR,30.18
26-08-2020,JP,AIR,30.2
27-08-2020,JP,AIR,30.25
28-08-2020,JP,AIR,30.3
29-08-2020,JP,AIR,30.37
30-08-2020,JP,AIR,30.43
31-08-2020,JP,AIR,30.47
01-09-2020,JP,AIR,30.49
02-09-2020,JP,AIR,30.5
03-09-2020,JP,AIR,30.52
04-09-2020,JP,AIR,30.55
05-09-2020,JP,AIR,30.59
06-09-2020,JP,AIR,30.62
07-09-2020,JP,AIR,30.64
08-09-2020,JP,AIR,30.65
09-09-2020,JP,AIR,31.67
10-09-2020,JP,AIR,32.54
11-09-2020,JP,AIR,33.68
12-09-2020,JP,AIR,37.1
13-09-2020,JP,AIR,37.2
14-09-2020,JP,AIR,37.3
15-09-2020,JP,AIR,37.4
16-09-2020,JP,AIR,40.245
17-09-2020,JP,AIR,41.32
18-09-2020,JP,AIR,38.45
19-09-2020,JP,AIR,37.68
20-09-2020,JP,AIR,37.82
21-09-2020,JP,AIR,37.82
22-09-2020,JP,AIR,38.32
23-09-2020,JP,AIR,38.73
24-09-2020,JP,AIR,38.64
27-06-2020,JP,LODG,172.14
28-06-2020,JP,LODG,171.31
29-06-2020,JP,LODG,172.65
30-06-2020,JP,LODG,173.62
01-07-2020,JP,LODG,174.88
02-07-2020,JP,LODG,183.9
03-07-2020,JP,LODG,185.29
04-07-2020,JP,LODG,176.71
05-07-2020,JP,LODG,179.5
06-07-2020,JP,LODG,186.4
07-07-2020,JP,LODG,181.69
08-07-2020,JP,LODG,188.92
09-07-2020,JP,LODG,192.04
10-07-2020,JP,LODG,207.17
11-07-2020,JP,LODG,202.92
12-07-2020,JP,LODG,204.42
13-07-2020,JP,LODG,208.12
14-07-2020,JP,LODG,212.92
15-07-2020,JP,LODG,211.87
16-07-2020,JP,LODG,212.21
17-07-2020,JP,LODG,213.43
18-07-2020,JP,LODG,214.54
19-07-2020,JP,LODG,215.39
20-07-2020,JP,LODG,214.79
21-07-2020,JP,LODG,218.94
22-07-2020,JP,LODG,227.49
23-07-2020,JP,LODG,238.79
24-07-2020,JP,LODG,232.54
25-07-2020,JP,LODG,247.57
26-07-2020,JP,LODG,262.34
27-07-2020,JP,LODG,265.74
28-07-2020,JP,LODG,265.78
29-07-2020,JP,LODG,266.76
30-07-2020,JP,LODG,266.7
31-07-2020,JP,LODG,269.35
01-08-2020,JP,LODG,273.8
02-08-2020,JP,LODG,277.4
03-08-2020,JP,LODG,279.8
04-08-2020,JP,LODG,280.6
05-08-2020,JP,LODG,280.6
06-08-2020,JP,LODG,281.7
07-08-2020,JP,LODG,284.5
08-08-2020,JP,LODG,287.07
09-08-2020,JP,LODG,289.6
10-08-2020,JP,LODG,291.6
11-08-2020,JP,LODG,291.8
12-08-2020,JP,LODG,292.6
13-08-2020,JP,LODG,292.3
14-08-2020,JP,LODG,294.4
15-08-2020,JP,LODG,296.3
16-08-2020,JP,LODG,297.9
17-08-2020,JP,LODG,298.9
18-08-2020,JP,LODG,299.2
19-08-2020,JP,LODG,299.3
20-08-2020,JP,LODG,299.8
21-08-2020,JP,LODG,300.7
22-08-2020,JP,LODG,301.8
23-08-2020,JP,LODG,302.8
24-08-2020,JP,LODG,303.3
25-08-2020,JP,LODG,303.4
26-08-2020,JP,LODG,303.5
27-08-2020,JP,LODG,303.7
28-08-2020,JP,LODG,304.2
29-08-2020,JP,LODG,304.9
30-08-2020,JP,LODG,305.7
31-08-2020,JP,LODG,305.6
01-09-2020,JP,LODG,305.7
02-09-2020,JP,LODG,305.7
03-09-2020,JP,LODG,305.8
04-09-2020,JP,LODG,306.1
05-09-2020,JP,LODG,306.5
06-09-2020,JP,LODG,306.7
07-09-2020,JP,LODG,306.9
08-09-2020,JP,LODG,306.9
09-09-2020,JP,LODG,306.9
10-09-2020,JP,LODG,306.9
11-09-2020,JP,LODG,307.1
12-09-2020,JP,LODG,307.3
13-09-2020,JP,LODG,307.4
14-09-2020,JP,LODG,307.5
15-09-2020,JP,LODG,307.5
16-09-2020,JP,LODG,310.8
17-09-2020,JP,LODG,311.1
18-09-2020,JP,LODG,307.6
19-09-2020,JP,LODG,320.5
20-09-2020,JP,LODG,325.8
21-09-2020,JP,LODG,326.7
22-09-2020,JP,LODG,330.1
23-09-2020,JP,LODG,332.8
24-09-2020,JP,LODG,338.9
27-06-2020,JP,CAR,891.3003302
28-06-2020,JP,CAR,999.4161534
29-06-2020,JP,CAR,1080.522436
30-06-2020,JP,CAR,1135.810154
01-07-2020,JP,CAR,1187.36234
02-07-2020,JP,CAR,1226.339583
03-07-2020,JP,CAR,1309.535057
04-07-2020,JP,CAR,1448.198859
05-07-2020,JP,CAR,1553.944182
06-07-2020,JP,CAR,1608.581626
07-07-2020,JP,CAR,1645.625261
08-07-2020,JP,CAR,1660.14222
09-07-2020,JP,CAR,1678.953158
10-07-2020,JP,CAR,1745.795918
11-07-2020,JP,CAR,1870.145616
12-07-2020,JP,CAR,1980.533294
13-07-2020,JP,CAR,2041.267901
14-07-2020,JP,CAR,2075.23336
15-07-2020,JP,CAR,2073.660706
16-07-2020,JP,CAR,2083.771135
17-07-2020,JP,CAR,2163.498217
18-07-2020,JP,CAR,2244.050489
19-07-2020,JP,CAR,2316.892029
20-07-2020,JP,CAR,2365.927398
21-07-2020,JP,CAR,2393.711349
22-07-2020,JP,CAR,2404.37473
23-07-2020,JP,CAR,2424.46556
24-07-2020,JP,CAR,2472.40125
25-07-2020,JP,CAR,2536.892113
26-07-2020,JP,CAR,2595.52561
27-07-2020,JP,CAR,2636.157735
28-07-2020,JP,CAR,2655.153255
29-07-2020,JP,CAR,2661.593761
30-07-2020,JP,CAR,2675.335185
31-07-2020,JP,CAR,2710.414756
01-08-2020,JP,CAR,2754.545464
02-08-2020,JP,CAR,2793.720795
03-08-2020,JP,CAR,2821.113601
04-08-2020,JP,CAR,2831.950441
05-08-2020,JP,CAR,2834.93712
06-08-2020,JP,CAR,2845.250139
07-08-2020,JP,CAR,2865.952711
08-08-2020,JP,CAR,2893.078311
09-08-2020,JP,CAR,2917.899682
10-08-2020,JP,CAR,2933.716527
11-08-2020,JP,CAR,2938.747907
12-08-2020,JP,CAR,2938.790544
13-08-2020,JP,CAR,2942.739591
14-08-2020,JP,CAR,2954.24458
15-08-2020,JP,CAR,2970.082081
16-08-2020,JP,CAR,2984.442132
17-08-2020,JP,CAR,2992.729516
18-08-2020,JP,CAR,2993.848131
19-08-2020,JP,CAR,2992.163324
20-08-2020,JP,CAR,2993.331725
21-08-2020,JP,CAR,2999.181145
22-08-2020,JP,CAR,3007.959777
23-08-2020,JP,CAR,3015.990018
24-08-2020,JP,CAR,3019.91629
25-08-2020,JP,CAR,3019.467415
26-08-2020,JP,CAR,3017.463761
27-08-2020,JP,CAR,3017.210589
28-08-2020,JP,CAR,3020.120204
29-08-2020,JP,CAR,3025.035327
30-08-2020,JP,CAR,3029.477476
31-08-2020,JP,CAR,3031.33839
01-09-2020,JP,CAR,3030.466326
02-09-2020,JP,CAR,3028.674001
03-09-2020,JP,CAR,3028.099864
04-09-2020,JP,CAR,3029.578109
05-09-2020,JP,CAR,3032.390004
06-09-2020,JP,CAR,3034.898147
07-09-2020,JP,CAR,3035.760677
08-09-2020,JP,CAR,3034.939459
09-09-2020,JP,CAR,3033.595745
10-09-2020,JP,CAR,3033.04041
11-09-2020,JP,CAR,3033.824288
12-09-2020,JP,CAR,3035.474138
13-09-2020,JP,CAR,3036.922722
14-09-2020,JP,CAR,3037.331874
15-09-2020,JP,CAR,3036.696827
16-09-2020,JP,CAR,3035.746906
17-09-2020,JP,CAR,3035.316038
18-09-2020,JP,CAR,3035.752467
19-09-2020,JP,CAR,3036.740523
20-09-2020,JP,CAR,3037.595109
21-09-2020,JP,CAR,3037.789489
22-09-2020,JP,CAR,3037.331344
23-09-2020,JP,CAR,3036.687029
24-09-2020,JP,CAR,3036.381952
27-06-2020,IN,CAR,7.14
28-06-2020,IN,CAR,8.19
29-06-2020,IN,CAR,8.654
30-06-2020,IN,CAR,9.144
01-07-2020,IN,CAR,9.603
02-07-2020,IN,CAR,9.922
03-07-2020,IN,CAR,10.64
04-07-2020,IN,CAR,11.64
05-07-2020,IN,CAR,12.56
06-07-2020,IN,CAR,12.94
07-07-2020,IN,CAR,13.13
08-07-2020,IN,CAR,13.43
09-07-2020,IN,CAR,13.73
10-07-2020,IN,CAR,14.41
11-07-2020,IN,CAR,15.68
12-07-2020,IN,CAR,16.66
13-07-2020,IN,CAR,17.02
14-07-2020,IN,CAR,16.94
15-07-2020,IN,CAR,16.92
16-07-2020,IN,CAR,17.09
17-07-2020,IN,CAR,17.78
18-07-2020,IN,CAR,18.44
19-07-2020,IN,CAR,19.03
20-07-2020,IN,CAR,19.35
21-07-2020,IN,CAR,19.44
22-07-2020,IN,CAR,19.5
23-07-2020,IN,CAR,19.71
24-07-2020,IN,CAR,20.15
25-07-2020,IN,CAR,20.74
26-07-2020,IN,CAR,21.24
27-07-2020,IN,CAR,21.47
28-07-2020,IN,CAR,21.49
29-07-2020,IN,CAR,21.462
30-07-2020,IN,CAR,21.59
31-07-2020,IN,CAR,21.92
01-08-2020,IN,CAR,22.4
02-08-2020,IN,CAR,22.77
03-08-2020,IN,CAR,22.95
04-08-2020,IN,CAR,22.97
05-08-2020,IN,CAR,22.97
06-08-2020,IN,CAR,23.05
07-08-2020,IN,CAR,23.34
08-08-2020,IN,CAR,23.67
09-08-2020,IN,CAR,23.94
10-08-2020,IN,CAR,24.08
11-08-2020,IN,CAR,24.08
12-08-2020,IN,CAR,24.06
13-08-2020,IN,CAR,24.13
14-08-2020,IN,CAR,24.35
15-08-2020,IN,CAR,24.58
16-08-2020,IN,CAR,24.79
17-08-2020,IN,CAR,24.88
18-08-2020,IN,CAR,24.88
19-08-2020,IN,CAR,24.86
20-08-2020,IN,CAR,24.91
21-08-2020,IN,CAR,25.05
22-08-2020,IN,CAR,25.23
23-08-2020,IN,CAR,25.38
24-08-2020,IN,CAR,25.45
25-08-2020,IN,CAR,25.44
26-08-2020,IN,CAR,25.42
27-08-2020,IN,CAR,25.45
28-08-2020,IN,CAR,25.55
29-08-2020,IN,CAR,25.69
30-08-2020,IN,CAR,25.805
31-08-2020,IN,CAR,25.85
01-09-2020,IN,CAR,25.83
02-09-2020,IN,CAR,25.81
03-09-2020,IN,CAR,25.83
04-09-2020,IN,CAR,25.9
05-09-2020,IN,CAR,26.008
06-09-2020,IN,CAR,26.08
07-09-2020,IN,CAR,26.12
08-09-2020,IN,CAR,26.1
09-09-2020,IN,CAR,26.08
10-09-2020,IN,CAR,26.09
11-09-2020,IN,CAR,26.14
12-09-2020,IN,CAR,26.22
13-09-2020,IN,CAR,26.28
14-09-2020,IN,CAR,26.204
15-09-2020,IN,CAR,26.29
16-09-2020,IN,CAR,26.27
17-09-2020,IN,CAR,26.27
18-09-2020,IN,CAR,26.31
19-09-2020,IN,CAR,26.36
20-09-2020,IN,CAR,26.41
21-09-2020,IN,CAR,26.42
22-09-2020,IN,CAR,26.41
23-09-2020,IN,CAR,26.39
24-09-2020,IN,CAR,26.3
27-06-2020,IN,LODG,67.33196442
28-06-2020,IN,LODG,76.3054994
29-06-2020,IN,LODG,80.9868402
30-06-2020,IN,LODG,85.81206951
01-07-2020,IN,LODG,90.65729707
02-07-2020,IN,LODG,93.8230181
03-07-2020,IN,LODG,99.46817636
04-07-2020,IN,LODG,110.0158005
05-07-2020,IN,LODG,118.777042
06-07-2020,IN,LODG,122.5494418
07-07-2020,IN,LODG,124.7098301
08-07-2020,IN,LODG,127.1867249
09-07-2020,IN,LODG,130.549565
10-07-2020,IN,LODG,137.6798004
11-07-2020,IN,LODG,149.5997579
12-07-2020,IN,LODG,158.8989455
13-07-2020,IN,LODG,161.435815
14-07-2020,IN,LODG,162.318308
15-07-2020,IN,LODG,162.5422698
16-07-2020,IN,LODG,164.840699
17-07-2020,IN,LODG,171.5812458
18-07-2020,IN,LODG,178.2485838
19-07-2020,IN,LODG,184.0864453
20-07-2020,IN,LODG,187.3812151
21-07-2020,IN,LODG,188.7393309
22-07-2020,IN,LODG,189.7551412
23-07-2020,IN,LODG,192.1714323
24-07-2020,IN,LODG,196.8473738
25-07-2020,IN,LODG,202.6952311
26-07-2020,IN,LODG,207.4385472
27-07-2020,IN,LODG,209.8236466
28-07-2020,IN,LODG,210.4926552
29-07-2020,IN,LODG,210.8914966
30-07-2020,IN,LODG,212.6163923
31-07-2020,IN,LODG,216.3178314
01-08-2020,IN,LODG,220.7143992
02-08-2020,IN,LODG,224.2362085
03-08-2020,IN,LODG,226.1794727
04-08-2020,IN,LODG,226.7523237
05-08-2020,IN,LODG,227.135402
06-08-2020,IN,LODG,228.5007169
07-08-2020,IN,LODG,231.1269732
08-08-2020,IN,LODG,234.3646184
09-08-2020,IN,LODG,237.0262546
10-08-2020,IN,LODG,238.3944599
11-08-2020,IN,LODG,238.6908277
12-08-2020,IN,LODG,238.8274502
13-08-2020,IN,LODG,239.7393551
14-08-2020,IN,LODG,241.699948
15-08-2020,IN,LODG,244.1197584
16-08-2020,IN,LODG,246.0893168
17-08-2020,IN,LODG,247.0707774
18-08-2020,IN,LODG,247.2172485
19-08-2020,IN,LODG,247.2391135
20-08-2020,IN,LODG,247.8530716
21-08-2020,IN,LODG,249.2449617
22-08-2020,IN,LODG,250.9979581
23-08-2020,IN,LODG,252.4326414
24-08-2020,IN,LODG,253.1106422
25-08-2020,IN,LODG,253.1473068
26-08-2020,IN,LODG,253.0852981
27-08-2020,IN,LODG,253.4749867
28-08-2020,IN,LODG,254.4783123
29-08-2020,IN,LODG,255.7720108
30-08-2020,IN,LODG,256.8239906
31-08-2020,IN,LODG,257.2957597
01-09-2020,IN,LODG,257.2705762
02-09-2020,IN,LODG,257.1670054
03-09-2020,IN,LODG,257.4120962
04-09-2020,IN,LODG,258.1302675
05-09-2020,IN,LODG,259.0788906
06-09-2020,IN,LODG,259.8514968
07-09-2020,IN,LODG,260.1823614
08-09-2020,IN,LODG,260.1312985
09-09-2020,IN,LODG,260.017665
10-09-2020,IN,LODG,260.1706394
11-09-2020,IN,LODG,260.6915712
12-09-2020,IN,LODG,261.3968162
13-09-2020,IN,LODG,261.9716476
14-09-2020,IN,LODG,262.2085224
15-09-2020,IN,LODG,262.1501534
16-09-2020,IN,LODG,262.0413371
17-09-2020,IN,LODG,262.1375215
18-09-2020,IN,LODG,262.5193151
19-09-2020,IN,LODG,263.0475263
20-09-2020,IN,LODG,263.4800081
21-09-2020,IN,LODG,263.6544459
22-09-2020,IN,LODG,263.6009477
23-09-2020,IN,LODG,263.5065565
24-09-2020,IN,LODG,263.5688863
27-06-2020,IN,AIR,68.72990954
28-06-2020,IN,AIR,79.65202779
29-06-2020,IN,AIR,85.74569854
30-06-2020,IN,AIR,90.6731137
01-07-2020,IN,AIR,95.64142863
02-07-2020,IN,AIR,99.05559251
03-07-2020,IN,AIR,104.8214964
04-07-2020,IN,AIR,116.3638152
05-07-2020,IN,AIR,126.6608688
06-07-2020,IN,AIR,130.5093544
07-07-2020,IN,AIR,133.9079358
08-07-2020,IN,AIR,136.4743913
09-07-2020,IN,AIR,140.6244365
10-07-2020,IN,AIR,148.8005498
11-07-2020,IN,AIR,161.2497087
12-07-2020,IN,AIR,170.9392673
13-07-2020,IN,AIR,173.9819612
14-07-2020,IN,AIR,174.712189
15-07-2020,IN,AIR,174.4644754
16-07-2020,IN,AIR,176.4323611
17-07-2020,IN,AIR,182.3601446
18-07-2020,IN,AIR,189.0834028
19-07-2020,IN,AIR,195.0151605
20-07-2020,IN,AIR,198.2395985
21-07-2020,IN,AIR,199.3196655
22-07-2020,IN,AIR,199.9551139
23-07-2020,IN,AIR,201.916135
24-07-2020,IN,AIR,206.3459687
25-07-2020,IN,AIR,211.896187
26-07-2020,IN,AIR,216.3388265
27-07-2020,IN,AIR,218.401893
28-07-2020,IN,AIR,218.5115122
29-07-2020,IN,AIR,218.3526099
30-07-2020,IN,AIR,219.61323
31-07-2020,IN,AIR,222.8324493
01-08-2020,IN,AIR,226.9240051
02-08-2020,IN,AIR,230.2083776
03-08-2020,IN,AIR,231.8557156
04-08-2020,IN,AIR,232.0515367
05-08-2020,IN,AIR,232.0182977
06-08-2020,IN,AIR,232.9621838
07-08-2020,IN,AIR,235.2504299
08-08-2020,IN,AIR,238.1960964
09-08-2020,IN,AIR,240.5842468
10-08-2020,IN,AIR,241.6625341
11-08-2020,IN,AIR,241.6347814
12-08-2020,IN,AIR,241.4440451
13-08-2020,IN,AIR,242.0727762
14-08-2020,IN,AIR,243.7810256
15-08-2020,IN,AIR,245.9951931
16-08-2020,IN,AIR,247.7815355
17-08-2020,IN,AIR,248.5615281
18-08-2020,IN,AIR,248.4923471
19-08-2020,IN,AIR,248.2962316
20-08-2020,IN,AIR,248.7042525
21-08-2020,IN,AIR,249.9207413
22-08-2020,IN,AIR,251.5233057
23-08-2020,IN,AIR,252.8155055
24-08-2020,IN,AIR,253.3482128
25-08-2020,IN,AIR,253.2361315
26-08-2020,IN,AIR,253.0322281
27-08-2020,IN,AIR,253.2981402
28-08-2020,IN,AIR,254.1933185
29-08-2020,IN,AIR,255.3880494
30-08-2020,IN,AIR,256.3426405
31-08-2020,IN,AIR,256.7125784
01-09-2020,IN,AIR,256.5865538
02-09-2020,IN,AIR,256.3905989
03-09-2020,IN,AIR,256.5543585
04-09-2020,IN,AIR,257.2005923
05-09-2020,IN,AIR,258.0798202
06-09-2020,IN,AIR,258.7799536
07-09-2020,IN,AIR,259.0368199
08-09-2020,IN,AIR,258.9157197
09-09-2020,IN,AIR,258.7415762
10-09-2020,IN,AIR,258.8436751
11-09-2020,IN,AIR,259.3173443
12-09-2020,IN,AIR,259.9716603
13-09-2020,IN,AIR,260.4895947
14-09-2020,IN,AIR,260.6678329
15-09-2020,IN,AIR,260.5564474
16-09-2020,IN,AIR,260.4046238
17-09-2020,IN,AIR,260.4655085
18-09-2020,IN,AIR,260.812832
19-09-2020,IN,AIR,261.300498
20-09-2020,IN,AIR,261.6855567
21-09-2020,IN,AIR,261.8114474
22-09-2020,IN,AIR,261.7156377
23-09-2020,IN,AIR,261.5886765
24-09-2020,IN,AIR,261.6249931
26-06-2020,US,AIR,1116.818709
27-06-2020,US,AIR,1503.904512
28-06-2020,US,AIR,1655.806277
29-06-2020,US,AIR,1761.702549
30-06-2020,US,AIR,1765.15915
01-07-2020,US,AIR,1814.760116
02-07-2020,US,AIR,1949.437942
03-07-2020,US,AIR,2275.20111
04-07-2020,US,AIR,2465.670047
05-07-2020,US,AIR,2441.66178
06-07-2020,US,AIR,2448.569612
07-07-2020,US,AIR,2402.293597
08-07-2020,US,AIR,2312.464928
09-07-2020,US,AIR,2399.813725
10-07-2020,US,AIR,2613.75322
11-07-2020,US,AIR,2827.219812
12-07-2020,US,AIR,2835.942416
13-07-2020,US,AIR,2804.440834
14-07-2020,US,AIR,2686.527189
15-07-2020,US,AIR,2597.913922
16-07-2020,US,AIR,2679.821368
17-07-2020,US,AIR,2865.865123
18-07-2020,US,AIR,3017.978528
19-07-2020,US,AIR,3051.691127
20-07-2020,US,AIR,2987.423493
21-07-2020,US,AIR,2879.141041
22-07-2020,US,AIR,2810.22103
23-07-2020,US,AIR,2874.754742
24-07-2020,US,AIR,3036.143088
25-07-2020,US,AIR,3170.19155
26-07-2020,US,AIR,3215.138473
27-07-2020,US,AIR,3149.731909
28-07-2020,US,AIR,3033.22142
29-07-2020,US,AIR,2962.25963
30-07-2020,US,AIR,3013.099328
31-07-2020,US,AIR,3157.03358
01-08-2020,US,AIR,3283.387272
02-08-2020,US,AIR,3320.245215
03-08-2020,US,AIR,3249.852613
04-08-2020,US,AIR,3132.721462
05-08-2020,US,AIR,3064.652455
06-08-2020,US,AIR,3107.703877
07-08-2020,US,AIR,3234.967824
08-08-2020,US,AIR,3354.190933
09-08-2020,US,AIR,3386.547592
10-08-2020,US,AIR,3319.489755
11-08-2020,US,AIR,3207.654972
12-08-2020,US,AIR,3141.189282
13-08-2020,US,AIR,3177.335093
14-08-2020,US,AIR,3293.861506
15-08-2020,US,AIR,3406.547662
16-08-2020,US,AIR,3436.826806
17-08-2020,US,AIR,3371.328031
18-08-2020,US,AIR,3264.228577
19-08-2020,US,AIR,3199.304174
20-08-2020,US,AIR,3230.527643
21-08-2020,US,AIR,3338.058153
22-08-2020,US,AIR,3443.032319
23-08-2020,US,AIR,3470.806964
24-08-2020,US,AIR,3408.245226
25-08-2020,US,AIR,3306.730994
26-08-2020,US,AIR,3244.031125
27-08-2020,US,AIR,3270.87996
28-08-2020,US,AIR,3370.34371
29-08-2020,US,AIR,3468.421709
30-08-2020,US,AIR,3494.541748
31-08-2020,US,AIR,3435.438833
01-09-2020,US,AIR,3339.185048
02-09-2020,US,AIR,3278.807479
03-09-2020,US,AIR,3302.337844
04-09-2020,US,AIR,3394.65731
05-09-2020,US,AIR,3486.38574
06-09-2020,US,AIR,3510.836729
07-09-2020,US,AIR,3455.178195
08-09-2020,US,AIR,3364.197449
09-09-2020,US,AIR,3306.447696
10-09-2020,US,AIR,3327.231741
11-09-2020,US,AIR,3412.878345
12-09-2020,US,AIR,3498.62938
13-09-2020,US,AIR,3521.715727
14-09-2020,US,AIR,3469.528607
15-09-2020,US,AIR,3383.694989
16-09-2020,US,AIR,3328.578238
17-09-2020,US,AIR,3347.018134
18-09-2020,US,AIR,3426.579209
19-09-2020,US,AIR,3506.830198
20-09-2020,US,AIR,3528.700032
21-09-2020,US,AIR,3479.825826
22-09-2020,US,AIR,3398.951954
23-09-2020,US,AIR,3346.537084
27-06-2020,US,LODG,13089.62086
28-06-2020,US,LODG,12814.81155
29-06-2020,US,LODG,13993.63614
30-06-2020,US,LODG,15849.08204
01-07-2020,US,LODG,16281.09397
02-07-2020,US,LODG,15604.10075
03-07-2020,US,LODG,14796.7612
04-07-2020,US,LODG,14084.74033
05-07-2020,US,LODG,13845.41223
06-07-2020,US,LODG,14480.44738
07-07-2020,US,LODG,16060.47982
08-07-2020,US,LODG,16310.72061
09-07-2020,US,LODG,15487.75677
10-07-2020,US,LODG,14464.07018
11-07-2020,US,LODG,14128.92811
12-07-2020,US,LODG,13994.75009
13-07-2020,US,LODG,14479.07037
14-07-2020,US,LODG,15045.26576
15-07-2020,US,LODG,14930.6181
16-07-2020,US,LODG,13359.42829
17-07-2020,US,LODG,12126.19718
18-07-2020,US,LODG,11175.88505
19-07-2020,US,LODG,10731.71223
20-07-2020,US,LODG,10961.37402
21-07-2020,US,LODG,11406.25077
22-07-2020,US,LODG,11188.93492
23-07-2020,US,LODG,10148.8099
24-07-2020,US,LODG,8970.401219
25-07-2020,US,LODG,8146.005034
26-07-2020,US,LODG,7756.744003
27-07-2020,US,LODG,7864.215411
28-07-2020,US,LODG,8055.034195
29-07-2020,US,LODG,7709.228896
30-07-2020,US,LODG,6683.416461
31-07-2020,US,LODG,5589.665723
01-08-2020,US,LODG,4818.871442
02-08-2020,US,LODG,4470.358833
03-08-2020,US,LODG,4526.248955
04-08-2020,US,LODG,4677.941253
05-08-2020,US,LODG,4352.727534
06-08-2020,US,LODG,3541.391767
07-08-2020,US,LODG,2613.274448
08-08-2020,US,LODG,1920.724296
09-08-2020,US,LODG,1594.85348
10-08-2020,US,LODG,1587.354293
11-08-2020,US,LODG,1605.900198
12-08-2020,US,LODG,1276.625856
13-08-2020,US,LODG,560.5279216
14-08-2020,US,LODG,236.588
15-08-2020,US,LODG,235.392
16-08-2020,US,LODG,234.6
17-08-2020,US,LODG,293.15
18-08-2020,US,LODG,244.7
19-08-2020,US,LODG,268.54
20-08-2020,US,LODG,280.69
21-08-2020,US,LODG,285.11
22-08-2020,US,LODG,377.63
23-08-2020,US,LODG,364.54
24-08-2020,US,LODG,376.1
25-08-2020,US,LODG,387.21
26-08-2020,US,LODG,418.48
27-08-2020,US,LODG,493.52
28-08-2020,US,LODG,346.02
29-08-2020,US,LODG,378.42
30-08-2020,US,LODG,331.02
31-08-2020,US,LODG,354.06
01-09-2020,US,LODG,687.5
02-09-2020,US,LODG,646.66
03-09-2020,US,LODG,687.4
04-09-2020,US,LODG,736.34
05-09-2020,US,LODG,764.31
06-09-2020,US,LODG,780.13
07-09-2020,US,LODG,804.42
08-09-2020,US,LODG,838.76
09-09-2020,US,LODG,839.97
10-09-2020,US,LODG,893.74
11-09-2020,US,LODG,909.24
12-09-2020,US,LODG,929.3
13-09-2020,US,LODG,972.51
14-09-2020,US,LODG,958.74
15-09-2020,US,LODG,977.09
16-09-2020,US,LODG,993.07
17-09-2020,US,LODG,1013.8
18-09-2020,US,LODG,1038.6
19-09-2020,US,LODG,1058.4
20-09-2020,US,LODG,1072.5
21-09-2020,US,LODG,1089.9
22-09-2020,US,LODG,-10921.69871
23-09-2020,US,LODG,-11065.17474
24-09-2020,US,LODG,-11245.18606
27-06-2020,US,CAR,3239.939012
28-06-2020,US,CAR,3092.659374
29-06-2020,US,CAR,3419.315091
30-06-2020,US,CAR,4001.699213
01-07-2020,US,CAR,4198.564332
02-07-2020,US,CAR,4033.486447
03-07-2020,US,CAR,3982.255775
04-07-2020,US,CAR,3805.578483
05-07-2020,US,CAR,3623.802222
06-07-2020,US,CAR,3898.139744
07-07-2020,US,CAR,4430.7695
08-07-2020,US,CAR,4539.541193
09-07-2020,US,CAR,4300.472872
10-07-2020,US,CAR,4124.781946
11-07-2020,US,CAR,3983.777483
12-07-2020,US,CAR,3836.593388
13-07-2020,US,CAR,3967.029713
14-07-2020,US,CAR,4301.611908
15-07-2020,US,CAR,4333.073347
16-07-2020,US,CAR,4089.461855
17-07-2020,US,CAR,3841.008337
18-07-2020,US,CAR,3598.99838
19-07-2020,US,CAR,3441.510076
20-07-2020,US,CAR,3570.886195
21-07-2020,US,CAR,3832.405448
22-07-2020,US,CAR,3853.494825
23-07-2020,US,CAR,3643.151363
24-07-2020,US,CAR,3397.233361
25-07-2020,US,CAR,3172.327278
26-07-2020,US,CAR,3046.141507
27-07-2020,US,CAR,3150.710042
28-07-2020,US,CAR,3344.996365
29-07-2020,US,CAR,3360.218934
30-07-2020,US,CAR,3179.496892
31-07-2020,US,CAR,2952.188007
01-08-2020,US,CAR,2747.09843
02-08-2020,US,CAR,2653.149296
03-08-2020,US,CAR,2757.149437
04-08-2020,US,CAR,2924.478826
05-08-2020,US,CAR,2942.099706
06-08-2020,US,CAR,2794.24818
07-08-2020,US,CAR,2591.01384
08-08-2020,US,CAR,2412.504885
09-08-2020,US,CAR,2345.791707
10-08-2020,US,CAR,2439.96049
11-08-2020,US,CAR,2577.791943
12-08-2020,US,CAR,2594.031187
13-08-2020,US,CAR,2469.32297
14-08-2020,US,CAR,2289.193396
15-08-2020,US,CAR,2134.971402
16-08-2020,US,CAR,2086.232152
17-08-2020,US,CAR,2169.381337
18-08-2020,US,CAR,2282.706679
19-08-2020,US,CAR,2294.329036
20-08-2020,US,CAR,2185.961344
21-08-2020,US,CAR,2026.311592
22-08-2020,US,CAR,1893.547988
23-08-2020,US,CAR,1857.335577
24-08-2020,US,CAR,1928.973789
25-08-2020,US,CAR,2020.316436
26-08-2020,US,CAR,2027.089908
27-08-2020,US,CAR,1932.399378
28-08-2020,US,CAR,1792.631739
29-08-2020,US,CAR,1679.878597
30-08-2020,US,CAR,1652.904762
31-08-2020,US,CAR,1713.605198
01-09-2020,US,CAR,1786.789502
02-09-2020,US,CAR,1789.0208
03-09-2020,US,CAR,1705.966722
04-09-2020,US,CAR,1584.936018
05-09-2020,US,CAR,1490.33651
06-09-2020,US,CAR,1470.606474
07-09-2020,US,CAR,1521.843912
08-09-2020,US,CAR,1580.190846
09-09-2020,US,CAR,1578.900512
10-09-2020,US,CAR,1506.484577
11-09-2020,US,CAR,1403.025173
12-09-2020,US,CAR,1324.659858
13-09-2020,US,CAR,1310.604265
14-09-2020,US,CAR,1353.543998
15-09-2020,US,CAR,1399.755247
16-09-2020,US,CAR,1395.788547
17-09-2020,US,CAR,1332.902308
18-09-2020,US,CAR,1245.317064
19-09-2020,US,CAR,1181.052557
20-09-2020,US,CAR,1171.321576
21-09-2020,US,CAR,1207.085739
22-09-2020,US,CAR,1243.361669
23-09-2020,US,CAR,1237.438545
24-09-2020,US,CAR,1183.081168
27-06-2020,GB,CAR,36.65355623
28-06-2020,GB,CAR,42.20431256
29-06-2020,GB,CAR,49.06931263
30-06-2020,GB,CAR,55.04283184
01-07-2020,GB,CAR,56.15758198
02-07-2020,GB,CAR,55.65537933
03-07-2020,GB,CAR,59.41357946
04-07-2020,GB,CAR,65.22304636
05-07-2020,GB,CAR,67.70558608
06-07-2020,GB,CAR,70.91693509
07-07-2020,GB,CAR,73.43748224
08-07-2020,GB,CAR,72.76401711
09-07-2020,GB,CAR,72.02105689
10-07-2020,GB,CAR,72.86888611
11-07-2020,GB,CAR,77.26968002
12-07-2020,GB,CAR,80.91458189
13-07-2020,GB,CAR,82.60576808
14-07-2020,GB,CAR,84.01241374
15-07-2020,GB,CAR,82.37740016
16-07-2020,GB,CAR,79.50454164
17-07-2020,GB,CAR,80.85382926
18-07-2020,GB,CAR,83.19168746
19-07-2020,GB,CAR,85.14334214
20-07-2020,GB,CAR,86.5150584
21-07-2020,GB,CAR,86.94991791
22-07-2020,GB,CAR,85.42861009
23-07-2020,GB,CAR,83.75480103
24-07-2020,GB,CAR,84.11360526
25-07-2020,GB,CAR,85.86540937
26-07-2020,GB,CAR,87.48864961
27-07-2020,GB,CAR,88.45157206
28-07-2020,GB,CAR,88.48838735
29-07-2020,GB,CAR,86.97927046
30-07-2020,GB,CAR,85.14257431
31-07-2020,GB,CAR,85.29265082
01-08-2020,GB,CAR,86.61360967
02-08-2020,GB,CAR,87.78507125
03-08-2020,GB,CAR,88.61918736
04-08-2020,GB,CAR,88.44738269
05-08-2020,GB,CAR,86.97403038
06-08-2020,GB,CAR,85.60752726
07-08-2020,GB,CAR,85.55166447
08-08-2020,GB,CAR,86.48654103
09-08-2020,GB,CAR,87.4578557
10-08-2020,GB,CAR,88.05049694
11-08-2020,GB,CAR,87.78959739
12-08-2020,GB,CAR,86.54111063
13-08-2020,GB,CAR,85.32593679
14-08-2020,GB,CAR,85.2200036
15-08-2020,GB,CAR,85.94845593
16-08-2020,GB,CAR,86.75559032
17-08-2020,GB,CAR,87.2567389
18-08-2020,GB,CAR,86.98561513
19-08-2020,GB,CAR,85.88818824
20-08-2020,GB,CAR,84.89975238
21-08-2020,GB,CAR,84.77532399
22-08-2020,GB,CAR,85.33323789
23-08-2020,GB,CAR,86.02981865
24-08-2020,GB,CAR,86.43451738
25-08-2020,GB,CAR,86.16444433
26-08-2020,GB,CAR,85.26048291
27-08-2020,GB,CAR,84.43722415
28-08-2020,GB,CAR,84.31477594
29-08-2020,GB,CAR,84.77101338
30-08-2020,GB,CAR,85.36451674
31-08-2020,GB,CAR,85.70890737
01-09-2020,GB,CAR,85.47119081
02-09-2020,GB,CAR,84.71264505
03-09-2020,GB,CAR,84.03767121
04-09-2020,GB,CAR,83.92678082
05-09-2020,GB,CAR,84.30108976
06-09-2020,GB,CAR,84.81523752
07-09-2020,GB,CAR,85.10833192
08-09-2020,GB,CAR,84.89964461
09-09-2020,GB,CAR,84.27624989
10-09-2020,GB,CAR,83.72252536
11-09-2020,GB,CAR,83.62542892
12-09-2020,GB,CAR,83.94099236
13-09-2020,GB,CAR,84.38320684
14-09-2020,GB,CAR,84.63341069
15-09-2020,GB,CAR,84.45883107
16-09-2020,GB,CAR,83.94434655
17-09-2020,GB,CAR,83.49030483
18-09-2020,GB,CAR,83.40856493
19-09-2020,GB,CAR,83.6747719
20-09-2020,GB,CAR,84.056126
21-09-2020,GB,CAR,84.27084816
22-09-2020,GB,CAR,84.12496102
23-09-2020,GB,CAR,83.7023598
24-09-2020,GB,CAR,83.32959998
27-06-2020,GB,LODG,421.4752866
28-06-2020,GB,LODG,503.5208536
29-06-2020,GB,LODG,581.2741153
30-06-2020,GB,LODG,679.6363641
01-07-2020,GB,LODG,774.932136
02-07-2020,GB,LODG,804.5060841
03-07-2020,GB,LODG,832.0539829
04-07-2020,GB,LODG,943.2381007
05-07-2020,GB,LODG,1023.194628
06-07-2020,GB,LODG,1092.825839
07-07-2020,GB,LODG,1173.995636
08-07-2020,GB,LODG,1267.306804
09-07-2020,GB,LODG,1283.622162
10-07-2020,GB,LODG,1296.183603
11-07-2020,GB,LODG,1404.214743
12-07-2020,GB,LODG,1483.085665
13-07-2020,GB,LODG,1531.74471
14-07-2020,GB,LODG,1610.189063
15-07-2020,GB,LODG,1650.213025
16-07-2020,GB,LODG,1656.698083
17-07-2020,GB,LODG,1674.195176
18-07-2020,GB,LODG,1734.319627
19-07-2020,GB,LODG,1786.915221
20-07-2020,GB,LODG,1826.544388
21-07-2020,GB,LODG,1873.49025
22-07-2020,GB,LODG,1901.334967
23-07-2020,GB,LODG,1895.900607
24-07-2020,GB,LODG,1896.564214
25-07-2020,GB,LODG,1935.677902
26-07-2020,GB,LODG,1970.451741
27-07-2020,GB,LODG,1992.653627
28-07-2020,GB,LODG,2022.814631
29-07-2020,GB,LODG,2028.329716
30-07-2020,GB,LODG,2011.737761
31-07-2020,GB,LODG,2006.754847
01-08-2020,GB,LODG,2025.118722
02-08-2020,GB,LODG,2045.310848
03-08-2020,GB,LODG,2059.912782
04-08-2020,GB,LODG,2073.442673
05-08-2020,GB,LODG,2069.558924
06-08-2020,GB,LODG,2048.49167
07-08-2020,GB,LODG,2035.718468
08-08-2020,GB,LODG,2043.564765
09-08-2020,GB,LODG,2054.777085
10-08-2020,GB,LODG,2062.40448
11-08-2020,GB,LODG,2068.406959
12-08-2020,GB,LODG,2058.423797
13-08-2020,GB,LODG,2035.693593
14-08-2020,GB,LODG,2022.122457
15-08-2020,GB,LODG,2024.138958
16-08-2020,GB,LODG,2031.147681
17-08-2020,GB,LODG,2037.102977
18-08-2020,GB,LODG,2038.908278
19-08-2020,GB,LODG,2027.787756
20-08-2020,GB,LODG,2007.399838
21-08-2020,GB,LODG,1994.356539
22-08-2020,GB,LODG,1994.934929
23-08-2020,GB,LODG,2001.061623
24-08-2020,GB,LODG,2006.76592
25-08-2020,GB,LODG,2008.128763
26-08-2020,GB,LODG,1998.17465
27-08-2020,GB,LODG,1981.074117
28-08-2020,GB,LODG,1970.700173
29-08-2020,GB,LODG,1971.595843
30-08-2020,GB,LODG,1978.119418
31-08-2020,GB,LODG,1984.83365
01-09-2020,GB,LODG,1986.606854
02-09-2020,GB,LODG,1978.626071
03-09-2020,GB,LODG,1965.195681
04-09-2020,GB,LODG,1957.290646
05-09-2020,GB,LODG,1959.100281
06-09-2020,GB,LODG,1966.343312
07-09-2020,GB,LODG,1973.721955
08-09-2020,GB,LODG,1976.191987
09-09-2020,GB,LODG,1970.061762
10-09-2020,GB,LODG,1959.493791
11-09-2020,GB,LODG,1953.673463
12-09-2020,GB,LODG,1956.125521
13-09-2020,GB,LODG,1963.599492
14-09-2020,GB,LODG,1971.202653
15-09-2020,GB,LODG,1973.923685
16-09-2020,GB,LODG,1969.060653
17-09-2020,GB,LODG,1960.586376
18-09-2020,GB,LODG,1956.080746
19-09-2020,GB,LODG,1958.72667
20-09-2020,GB,LODG,1965.966492
21-09-2020,GB,LODG,1973.19155
22-09-2020,GB,LODG,1975.771996
23-09-2020,GB,LODG,1971.658753
24-09-2020,GB,LODG,1964.510568
18-05-2020,GB,AIR,7.02
19-05-2020,GB,AIR,9.8
20-05-2020,GB,AIR,11.68
21-05-2020,GB,AIR,12.94
22-05-2020,GB,AIR,14.89
23-05-2020,GB,AIR,16.2
24-05-2020,GB,AIR,17.84
25-05-2020,GB,AIR,20.39
26-05-2020,GB,AIR,23.27
27-05-2020,GB,AIR,25.59
28-05-2020,GB,AIR,27.06
29-05-2020,GB,AIR,27.75
30-05-2020,GB,AIR,29.28
31-05-2020,GB,AIR,31.05
01-06-2020,GB,AIR,33.81
02-06-2020,GB,AIR,36.96
03-06-2020,GB,AIR,39.16
04-06-2020,GB,AIR,39.96
05-06-2020,GB,AIR,41.57
06-06-2020,GB,AIR,42.83
07-06-2020,GB,AIR,44.8
08-06-2020,GB,AIR,47.17
09-06-2020,GB,AIR,49.79
10-06-2020,GB,AIR,52.07
11-06-2020,GB,AIR,53.97
12-06-2020,GB,AIR,55.61
13-06-2020,GB,AIR,57.39
14-06-2020,GB,AIR,59.6
15-06-2020,GB,AIR,62.29
16-06-2020,GB,AIR,65.05
17-06-2020,GB,AIR,67.48
18-06-2020,GB,AIR,69.46
19-06-2020,GB,AIR,71.46
20-06-2020,GB,AIR,73.58
21-06-2020,GB,AIR,76.48
22-06-2020,GB,AIR,78.78
23-06-2020,GB,AIR,81.59
24-06-2020,GB,AIR,84.09
25-06-2020,GB,AIR,86.49
26-06-2020,GB,AIR,88.72
27-06-2020,GB,AIR,91.019
28-06-2020,GB,AIR,93.72
29-06-2020,GB,AIR,96.63
30-06-2020,GB,AIR,99.57
01-07-2020,GB,AIR,102.39
02-07-2020,GB,AIR,105.048
03-07-2020,GB,AIR,107.67
04-07-2020,GB,AIR,110.44
05-07-2020,GB,AIR,113.43
06-07-2020,GB,AIR,116.587
07-07-2020,GB,AIR,119.79
08-07-2020,GB,AIR,122.91
09-07-2020,GB,AIR,125.97
10-07-2020,GB,AIR,129.02
11-07-2020,GB,AIR,132.2
12-07-2020,GB,AIR,135.54
13-07-2020,GB,AIR,139.05
14-07-2020,GB,AIR,142.59
15-07-2020,GB,AIR,146.1
16-07-2020,GB,AIR,149.57
17-07-2020,GB,AIR,153.082
18-07-2020,GB,AIR,156.69
19-07-2020,GB,AIR,160.46
20-07-2020,GB,AIR,164.34
21-07-2020,GB,AIR,168.26
22-07-2020,GB,AIR,172.19
23-07-2020,GB,AIR,176.11
24-07-2020,GB,AIR,180.07
25-07-2020,GB,AIR,184.13
26-07-2020,GB,AIR,188.3
27-07-2020,GB,AIR,192.56
28-07-2020,GB,AIR,196.86
29-07-2020,GB,AIR,201.16
30-07-2020,GB,AIR,205.47
31-07-2020,GB,AIR,209.82
01-08-2020,GB,AIR,214.24
02-08-2020,GB,AIR,218.73
03-08-2020,GB,AIR,223.28
04-08-2020,GB,AIR,227.84
05-08-2020,GB,AIR,232.4
06-08-2020,GB,AIR,236.96
07-08-2020,GB,AIR,241.55
08-08-2020,GB,AIR,246.17
09-08-2020,GB,AIR,250.83
10-08-2020,GB,AIR,255.52
11-08-2020,GB,AIR,260.2
12-08-2020,GB,AIR,264.87
13-08-2020,GB,AIR,269.54
14-08-2020,GB,AIR,274.22
15-08-2020,GB,AIR,278.91
26-06-2020,DE,AIR,32.2799383
27-06-2020,DE,AIR,42.92515057
28-06-2020,DE,AIR,51.22342771
29-06-2020,DE,AIR,58.38045387
30-06-2020,DE,AIR,65.25781704
01-07-2020,DE,AIR,72.84802599
02-07-2020,DE,AIR,80.29737449
03-07-2020,DE,AIR,93.61387371
04-07-2020,DE,AIR,105.534504
05-07-2020,DE,AIR,115.4982971
06-07-2020,DE,AIR,123.2024749
07-07-2020,DE,AIR,129.1187387
08-07-2020,DE,AIR,135.7274214
09-07-2020,DE,AIR,143.5855763
10-07-2020,DE,AIR,156.3143613
11-07-2020,DE,AIR,164.6286272
12-07-2020,DE,AIR,170.8055615
13-07-2020,DE,AIR,165.95
14-07-2020,DE,AIR,170.77
15-07-2020,DE,AIR,174.17
16-07-2020,DE,AIR,188.0003898
17-07-2020,DE,AIR,193.6802348
18-07-2020,DE,AIR,198.1446152
19-07-2020,DE,AIR,200.582002
20-07-2020,DE,AIR,201.3443904
21-07-2020,DE,AIR,201.5107844
22-07-2020,DE,AIR,201.4165079
23-07-2020,DE,AIR,201.8375579
24-07-2020,DE,AIR,203.2373487
25-07-2020,DE,AIR,203.3463286
26-07-2020,DE,AIR,202.3611993
27-07-2020,DE,AIR,200.6356744
28-07-2020,DE,AIR,198.6798281
29-07-2020,DE,AIR,196.3472777
30-07-2020,DE,AIR,194.7880912
31-07-2020,DE,AIR,194.0336019
01-08-2020,DE,AIR,192.9153519
02-08-2020,DE,AIR,190.9701625
03-08-2020,DE,AIR,188.5587873
04-08-2020,DE,AIR,186.2759735
05-08-2020,DE,AIR,184.2205708
06-08-2020,DE,AIR,182.7935351
07-08-2020,DE,AIR,181.977017
08-08-2020,DE,AIR,181.0224447
09-08-2020,DE,AIR,179.7256749
10-08-2020,DE,AIR,178.2435533
11-08-2020,DE,AIR,176.879253
12-08-2020,DE,AIR,175.7409226
13-08-2020,DE,AIR,175.2190135
14-08-2020,DE,AIR,175.1547535
15-08-2020,DE,AIR,175.0428634
16-08-2020,DE,AIR,174.6455938
17-08-2020,DE,AIR,174.1468554
18-08-2020,DE,AIR,173.7698047
19-08-2020,DE,AIR,173.6145943
20-08-2020,DE,AIR,173.826512
21-08-2020,DE,AIR,174.3164506
22-08-2020,DE,AIR,174.7612534
23-08-2020,DE,AIR,174.9917409
24-08-2020,DE,AIR,175.0918656
25-08-2020,DE,AIR,175.2230184
26-08-2020,DE,AIR,175.4868763
27-08-2020,DE,AIR,175.9896474
28-08-2020,DE,AIR,176.6207028
29-08-2020,DE,AIR,177.1591724
30-08-2020,DE,AIR,177.4932629
31-08-2020,DE,AIR,177.7036425
01-09-2020,DE,AIR,177.8993047
02-09-2020,DE,AIR,178.160973
03-09-2020,DE,AIR,178.5421672
04-09-2020,DE,AIR,178.9794866
05-09-2020,DE,AIR,179.3239569
06-09-2020,DE,AIR,179.4980421
07-09-2020,DE,AIR,179.5545138
08-09-2020,DE,AIR,179.5866229
09-09-2020,DE,AIR,179.6625098
10-09-2020,DE,AIR,179.8151149
11-09-2020,DE,AIR,179.9894496
12-09-2020,DE,AIR,180.0886873
13-09-2020,DE,AIR,180.0670826
14-09-2020,DE,AIR,179.9665838
15-09-2020,DE,AIR,179.8527951
16-09-2020,DE,AIR,179.7790562
17-09-2020,DE,AIR,159.76
18-09-2020,DE,AIR,160.77
19-09-2020,DE,AIR,159.726
20-09-2020,DE,AIR,179.621282
21-09-2020,DE,AIR,179.4601957
22-09-2020,DE,AIR,179.3043754
23-09-2020,DE,AIR,179.1917092
27-06-2020,DE,LODG,284.6204057
28-06-2020,DE,LODG,287.7775748
29-06-2020,DE,LODG,368.7011932
30-06-2020,DE,LODG,369.7067915
01-07-2020,DE,LODG,358.1275659
02-07-2020,DE,LODG,371.579178
03-07-2020,DE,LODG,363.2848405
04-07-2020,DE,LODG,414.8291194
05-07-2020,DE,LODG,421.9513206
06-07-2020,DE,LODG,473.9304581
07-07-2020,DE,LODG,508.53743
08-07-2020,DE,LODG,499.1650035
09-07-2020,DE,LODG,508.103396
10-07-2020,DE,LODG,499.7482277
11-07-2020,DE,LODG,568.3849761
12-07-2020,DE,LODG,582.0557666
13-07-2020,DE,LODG,637.2826796
14-07-2020,DE,LODG,657.4978219
15-07-2020,DE,LODG,654.8272986
16-07-2020,DE,LODG,661.5529198
17-07-2020,DE,LODG,668.4947902
18-07-2020,DE,LODG,718.1798213
19-07-2020,DE,LODG,738.0506259
20-07-2020,DE,LODG,785.0202572
21-07-2020,DE,LODG,812.6084031
22-07-2020,DE,LODG,814.2655358
23-07-2020,DE,LODG,823.9833808
24-07-2020,DE,LODG,830.9333846
25-07-2020,DE,LODG,879.7556943
26-07-2020,DE,LODG,900.2113157
27-07-2020,DE,LODG,945.1114507
28-07-2020,DE,LODG,969.250019
29-07-2020,DE,LODG,974.9714639
30-07-2020,DE,LODG,983.0794984
31-07-2020,DE,LODG,995.0819512
01-08-2020,DE,LODG,1036.468578
02-08-2020,DE,LODG,1059.390759
03-08-2020,DE,LODG,1099.963238
04-08-2020,DE,LODG,1124.655568
05-08-2020,DE,LODG,1130.547419
06-08-2020,DE,LODG,1138.171537
07-08-2020,DE,LODG,1149.197172
08-08-2020,DE,LODG,1186.613278
09-08-2020,DE,LODG,1208.281305
10-08-2020,DE,LODG,1245.012945
11-08-2020,DE,LODG,1266.578478
12-08-2020,DE,LODG,1272.704779
13-08-2020,DE,LODG,1278.159467
14-08-2020,DE,LODG,1289.289529
15-08-2020,DE,LODG,1321.095102
16-08-2020,DE,LODG,1341.484973
17-08-2020,DE,LODG,1373.519877
18-08-2020,DE,LODG,1392.904945
19-08-2020,DE,LODG,1397.51682
20-08-2020,DE,LODG,1400.896494
21-08-2020,DE,LODG,1409.873507
22-08-2020,DE,LODG,1436.974381
23-08-2020,DE,LODG,1454.916462
24-08-2020,DE,LODG,1482.783366
25-08-2020,DE,LODG,1498.960985
26-08-2020,DE,LODG,1501.951389
27-08-2020,DE,LODG,1502.677604
28-08-2020,DE,LODG,1509.757858
29-08-2020,DE,LODG,1532.055294
30-08-2020,DE,LODG,1547.549584
31-08-2020,DE,LODG,1571.027233
01-09-2020,DE,LODG,1484.239
02-09-2020,DE,LODG,1485.019
03-09-2020,DE,LODG,1483.243
04-09-2020,DE,LODG,1487.799
05-09-2020,DE,LODG,1505.748
06-09-2020,DE,LODG,1518.419
07-09-2020,DE,LODG,1537.856
08-09-2020,DE,LODG,1547.901
09-09-2020,DE,LODG,1546.459
10-09-2020,DE,LODG,1542.784
11-09-2020,DE,LODG,1544.081
12-09-2020,DE,LODG,1557.8
13-09-2020,DE,LODG,1567.665
14-09-2020,DE,LODG,1583.123
15-09-2020,DE,LODG,1590.115
16-09-2020,DE,LODG,1606.24
17-09-2020,DE,LODG,1609.231
18-09-2020,DE,LODG,1618.555
19-09-2020,DE,LODG,1628.306
20-09-2020,DE,LODG,1635.24
21-09-2020,DE,LODG,1636.904
22-09-2020,DE,LODG,1644.788
23-09-2020,DE,LODG,1654.44
24-09-2020,DE,LODG,1694.778277
27-06-2020,DE,CAR,9.279968925
28-06-2020,DE,CAR,11.44263354
29-06-2020,DE,CAR,12.4462219
30-06-2020,DE,CAR,12.01188955
01-07-2020,DE,CAR,10.54833181
02-07-2020,DE,CAR,11.13200662
03-07-2020,DE,CAR,10.99913495
04-07-2020,DE,CAR,13.83352399
05-07-2020,DE,CAR,15.89375383
06-07-2020,DE,CAR,17.12530948
07-07-2020,DE,CAR,15.48593508
08-07-2020,DE,CAR,13.57553212
09-07-2020,DE,CAR,12.79453356
10-07-2020,DE,CAR,12.57956356
11-07-2020,DE,CAR,15.72125979
12-07-2020,DE,CAR,18.34934817
13-07-2020,DE,CAR,17.92650704
14-07-2020,DE,CAR,16.98255937
15-07-2020,DE,CAR,15.75820158
16-07-2020,DE,CAR,14.64473839
17-07-2020,DE,CAR,15.40731891
18-07-2020,DE,CAR,17.17588387
19-07-2020,DE,CAR,19.0073535
20-07-2020,DE,CAR,19.34070045
21-07-2020,DE,CAR,18.3444349
22-07-2020,DE,CAR,17.3393866
23-07-2020,DE,CAR,16.59929352
24-07-2020,DE,CAR,16.7898692
25-07-2020,DE,CAR,18.42203228
26-07-2020,DE,CAR,20.05577353
27-07-2020,DE,CAR,20.15052891
28-07-2020,DE,CAR,19.5000761
29-07-2020,DE,CAR,18.72052884
30-07-2020,DE,CAR,17.93819432
31-07-2020,DE,CAR,18.22724687
01-08-2020,DE,CAR,19.50590244
02-08-2020,DE,CAR,20.67858054
03-08-2020,DE,CAR,20.92501296
04-08-2020,DE,CAR,20.3632912
05-08-2020,DE,CAR,19.6318098
06-08-2020,DE,CAR,19.08994488
07-08-2020,DE,CAR,19.20847273
08-08-2020,DE,CAR,20.21470514
09-08-2020,DE,CAR,21.22446103
10-08-2020,DE,CAR,21.37327969
11-08-2020,DE,CAR,20.95648019
12-08-2020,DE,CAR,20.37347913
13-08-2020,DE,CAR,19.84517376
14-08-2020,DE,CAR,19.96013391
15-08-2020,DE,CAR,20.77402408
16-08-2020,DE,CAR,21.53918907
17-08-2020,DE,CAR,21.71440022
18-08-2020,DE,CAR,21.38376941
19-08-2020,DE,CAR,20.86125962
20-08-2020,DE,CAR,20.45099577
21-08-2020,DE,CAR,20.51576406
22-08-2020,DE,CAR,21.14388801
23-08-2020,DE,CAR,21.7859848
24-08-2020,DE,CAR,21.92717789
25-08-2020,DE,CAR,21.66709557
26-08-2020,DE,CAR,21.24756263
27-08-2020,DE,CAR,20.88004962
28-08-2020,DE,CAR,20.9259318
29-08-2020,DE,CAR,21.43272527
30-08-2020,DE,CAR,21.93549739
31-08-2020,DE,CAR,22.07153116
01-09-2020,DE,CAR,21.87251103
02-09-2020,DE,CAR,21.51024576
03-09-2020,DE,CAR,21.20877355
04-09-2020,DE,CAR,21.23639628
05-09-2020,DE,CAR,21.62914075
06-09-2020,DE,CAR,22.04350668
07-09-2020,DE,CAR,22.16253431
08-09-2020,DE,CAR,22.00385451
09-09-2020,DE,CAR,21.70912941
10-09-2020,DE,CAR,21.4503869
11-09-2020,DE,CAR,21.46409062
12-09-2020,DE,CAR,21.77876098
13-09-2020,DE,CAR,22.10974933
14-09-2020,DE,CAR,22.21672061
15-09-2020,DE,CAR,22.09610905
16-09-2020,DE,CAR,21.84787163
17-09-2020,DE,CAR,21.63208756
18-09-2020,DE,CAR,21.63784662
19-09-2020,DE,CAR,21.88352937
20-09-2020,DE,CAR,22.15383613
21-09-2020,DE,CAR,22.24855307
22-09-2020,DE,CAR,22.15340555
23-09-2020,DE,CAR,21.95015839
24-09-2020,DE,CAR,21.76853269
